"date","T1m","T2m","T3m","T4m","T5m","T6m","T7m","T8m","T9m","T10m","T11m","T12m","T13m","T14m","solar","utc.time","altitude","pres","airTemp","windDir","windSpd","pitch","roll"
2019-06-28 22:00:00,23.33,21.09,17.33,16.04,15.17,14.93,14.18,13.06,12.63,12.16,10.79,7.31,5.74,5.73,0,20008,33.3,30.1,21.5,181,1.4,1.8,-0.5
2019-06-28 22:15:00,23.3,20.93,17.28,16.04,15.19,14.93,14.43,13.09,12.69,12.18,10.83,7.39,5.72,5.71,0,21508,33.2,30.1,21.5,288,1.6,1.4,-1
2019-06-28 22:30:00,23.33,20.3,17.24,16.12,15.31,14.97,14.47,13.09,12.64,12.18,10.77,7.3,5.74,5.7,0,23008,31.1,30.1,21.4,247,5.1,0.5,-1.2
2019-06-28 22:45:00,23.32,19.78,17.34,16.35,15.66,15.01,14.63,13.11,12.62,12.16,10.81,7.29,5.71,5.67,0,24508,37.1,30.1,20.9,292,5,1.3,-0.6
2019-06-28 23:00:00,23.29,19.83,17.25,16.4,15.59,14.99,14.61,13.12,12.55,12,10.79,7.01,5.66,5.67,0,30008,34.2,30.1,20.8,306,4.3,1.5,-0.3
2019-06-28 23:15:00,23.23,20.1,17.22,16.49,15.43,14.96,14.48,13.05,12.42,11.74,10.55,6.96,5.68,5.65,0,31508,28.6,30.1,21.1,306,1.8,0.3,-1.7
2019-06-28 23:30:00,23.23,20.47,17.34,16.53,15.34,14.99,14.37,12.98,12.33,11.62,10.38,7.11,5.65,5.63,0,33008,34.7,30.1,21,202,4.9,0.4,-0.6
2019-06-28 23:45:00,23.27,19.8,17.29,16.4,15.27,15.03,14.34,13.02,12.4,11.73,10.76,7.33,5.83,5.61,0,34508,34,30.1,20.7,312,6.1,1.5,-0.6
2019-06-29 00:00:00,23.28,20.63,17.38,16.37,15.3,15.05,14.48,13.16,12.6,11.86,10.97,7.42,5.83,5.6,0,40008,34.7,30.1,20.4,351,3.8,1.3,-0.6
2019-06-29 00:15:00,23.35,20.86,17.46,16.2,15.21,15.01,14.41,13.12,12.58,11.98,11.19,7.99,6.12,5.59,1,41508,31.7,30.1,19.9,291,2.6,0.7,-0.8
2019-06-29 00:30:00,23.35,20.22,17.57,16.17,15.24,15.07,14.38,13.12,12.55,11.92,11.17,7.95,6.23,5.58,0,43008,31.1,30.1,19.9,333,2.5,1,-0.8
2019-06-29 00:45:00,23.29,19.9,17.64,16.18,15.32,15.09,14.48,13.19,12.6,11.92,11,7.81,6.37,5.58,0,44508,34.9,30.1,20.3,40,5.1,1,-1.5
2019-06-29 01:00:00,23.27,19.38,17.61,16.12,15.27,15.12,14.78,13.36,12.76,12.24,11.22,8.09,6.22,5.58,1,50008,34.1,30.1,20.1,30,3.1,0.5,-0.9
2019-06-29 01:15:00,23.21,19.6,17.72,16.15,15.29,15.13,14.55,13.28,12.73,12.03,10.92,7.82,6.02,5.58,0,51508,33.5,30.1,19.9,96,2.3,1.5,-1.5
2019-06-29 01:30:00,23.17,19.86,17.75,16.14,15.29,15.12,14.34,13.2,12.68,12,10.92,7.89,6.03,5.58,0,53008,35.2,30.1,20.1,200,3.1,0.6,-0.4
2019-06-29 01:45:00,23.11,20.74,17.84,16.52,15.38,15.13,13.9,13.14,12.5,11.85,10.8,7.87,6.02,5.56,0,54508,32.7,30.1,20.2,290,6.1,1,-0.4
2019-06-29 02:00:00,23.1,21.49,17.87,16.67,15.6,15.19,14.2,13.2,12.57,11.91,10.87,8.03,6.07,5.55,0,60008,33,30.1,20.2,181,1,1.6,0
2019-06-29 02:15:00,23.41,21.08,17.91,16.6,15.69,15.22,14.28,13.23,12.44,11.92,11,8.13,6.17,5.54,0,61508,33.5,30.1,20.4,171,6,1.1,-0.4
2019-06-29 02:30:00,23.25,21.92,17.91,16.46,15.76,15.32,14.72,13.35,12.51,11.85,10.8,7.83,6.18,5.52,0,63008,35.4,30.1,20.2,200,4.1,0.7,-0.2
2019-06-29 02:45:00,23.34,21.37,17.86,16.51,15.86,15.39,14.79,13.41,12.57,12.05,10.99,7.91,6.21,5.52,0,64508,32.2,30.1,20,305,7.9,0.6,-0.4
2019-06-29 03:00:00,23.32,21.45,17.92,16.74,15.97,15.41,14.71,13.43,12.66,12.07,10.98,7.93,6.16,5.51,0,70008,29.6,30.1,19.9,283,5.8,1,-0.7
2019-06-29 03:15:00,23.18,21.64,17.88,16.51,15.85,15.36,14.78,13.56,12.85,12.15,11.06,7.92,6.11,5.51,0,71508,32,30.1,19.6,270,2.8,2,0.7
2019-06-29 03:30:00,23.37,21.48,18.03,16.57,15.88,15.38,14.77,13.53,12.68,12.09,10.77,7.71,6,5.51,0,73008,32.1,30.1,19.7,320,4.6,1.1,-0.3
2019-06-29 03:45:00,23.42,21.27,17.97,16.54,16,15.5,15.03,13.8,12.79,12.1,10.56,7.7,6.02,5.51,1,74507,35.2,30.1,19.6,334,5.1,1,-0.8
2019-06-29 04:00:00,23.38,20.92,17.68,16.6,16.1,15.61,15.13,13.94,12.81,12.13,10.75,7.66,5.97,5.51,0,80008,32.7,30.1,19.5,276,3.2,1.8,0
2019-06-29 04:15:00,23.35,20.64,17.34,16.54,16.11,15.64,15.07,13.95,13.04,11.99,10.86,7.99,6.18,5.51,1,81508,31,30.1,19.9,201,5.8,0.8,-1
2019-06-29 04:30:00,23.28,20.6,17.08,16.25,15.89,15.51,14.95,14.04,13.4,12.41,10.75,8.2,6.54,5.51,0,83008,35.9,30.1,19.9,108,3.6,0.7,-0.6
2019-06-29 04:45:00,23.23,21.23,17.2,16.3,15.97,15.57,14.99,14.07,13.47,12.41,11.03,8.61,7.29,5.62,0,84508,37.7,30.1,19.6,123,2.4,0.7,-1.2
2019-06-29 05:00:00,23.28,21.45,17.21,16.25,15.96,15.55,14.95,14.1,13.54,12.63,11.23,8.72,7.35,5.59,1,90008,33.2,30.1,19.2,82,3.9,1,-1.5
2019-06-29 05:15:00,23.24,22.55,17.56,16.26,15.96,15.57,14.98,14.17,13.59,12.6,11.14,8.52,6.74,5.53,1,91508,34.6,30.1,18.7,356,2.9,1.2,-1.1
2019-06-29 05:30:00,23.28,21.45,17.11,16.27,15.95,15.59,15.03,14.27,13.8,12.67,11.17,8.56,6.61,5.53,2,93008,30.9,30.1,18,339,2.5,1.5,-0.5
2019-06-29 05:45:00,23.35,22.33,17.23,16.28,15.98,15.62,15.09,14.39,13.86,12.7,11.53,8.67,6.56,5.53,7,94508,34.5,30.1,17.8,299,1.8,1,-0.8
2019-06-29 06:00:00,23.35,21.81,17.3,16.45,16.07,15.73,15.14,14.43,13.82,12.69,11.22,8.41,6.11,5.55,10,100008,35.5,30.1,17.8,233,2.4,1.1,-1.4
2019-06-29 06:15:00,23.3,22.76,17.42,16.31,15.96,15.5,15.01,14.37,13.67,12.69,11.72,8.92,6.8,5.56,22,101508,33.9,30.1,18.1,162,3.5,0.7,-1.5
2019-06-29 06:30:00,23.21,22.58,17.59,16.36,15.94,15.45,15.06,14.39,13.51,12.69,11.86,9.52,7.65,5.56,13,103008,35.2,30.1,18.2,138,3.3,0.4,-0.7
2019-06-29 06:45:00,23.11,22.86,17.78,16.43,15.93,15.41,15,14.18,13.37,12.76,12.05,9.99,7.86,5.58,25,104508,27.3,30,18.1,174,4.6,0.2,-0.7
2019-06-29 07:00:00,22.99,22.75,17.63,16.22,15.68,15.24,14.79,13.96,13.47,12.85,12.36,11.22,8.81,5.89,29,110008,29.5,30.1,18.2,216,3.5,0.7,-1
2019-06-29 07:15:00,22.97,22.08,17.73,16.21,15.75,15.32,14.79,13.94,13.43,12.83,12.33,11.25,8.77,6.09,44,111508,33,30.1,18.1,263,1.6,1.7,-0.4
2019-06-29 07:30:00,23.02,21.7,17.76,16.1,15.7,15.3,14.79,13.91,13.34,12.82,12.35,11.43,8.66,6.68,72,113008,28.2,30,18.4,136,4.3,0.4,-1.7
2019-06-29 07:45:00,23,21.94,17.72,15.99,15.65,15.29,14.62,14.03,13.38,12.81,12.35,11.57,8.72,6.72,108,114508,33.7,30.1,18.4,181,3.2,0.7,-0.6
2019-06-29 08:00:00,23.11,22.29,17.88,16.04,15.67,15.28,14.61,13.92,13.16,12.73,12.34,11.39,8.29,6.21,110,120008,33.9,30.1,18.6,171,4,1,-0.5
2019-06-29 08:15:00,23.2,22.23,18.17,16.21,15.63,15.32,14.72,13.93,13.07,12.62,12.28,10.7,7.8,5.98,137,121508,41.3,30.1,18.7,160,3.6,1.2,-1
2019-06-29 08:30:00,23.21,23.01,18.73,16.55,15.66,15.32,14.7,14,13.1,12.63,12.25,10.43,7.67,6.14,147,123008,38.3,30.1,18.7,154,4.1,0.4,-0.7
2019-06-29 08:45:00,23.17,22.99,19.12,16.58,15.59,15.26,14.58,13.86,13.03,12.61,12.29,10.92,7.78,5.97,159,124508,37.7,30.1,18.9,181,2.9,0.7,-0.8
2019-06-29 09:00:00,23.12,23.05,19.15,16.55,15.6,15.3,14.61,13.67,12.92,12.52,12.28,11.03,8.24,6.12,165,130008,38.6,30.1,19,184,3,0.9,-0.7
2019-06-29 09:15:00,23.06,22.97,19.49,16.44,15.55,15.21,14.55,13.52,12.81,12.47,12.24,10.65,8.57,6.57,207,131508,33.9,30,19,198,4.9,1.1,-1.2
2019-06-29 09:30:00,23.07,22.96,19,16.13,15.52,15.17,14.56,13.5,12.78,12.48,12.23,10.68,8.85,6.62,309,133008,35,30.1,19.3,218,4.5,1.6,-0.4
2019-06-29 09:45:00,23.08,22.84,19.5,16.17,15.54,15.25,14.68,13.65,12.8,12.48,12.21,10.86,8.97,6.86,253,134508,36.4,30,20.6,184,5,-0.1,-1.4
2019-06-29 10:00:00,23.14,22.9,19.48,16.16,15.5,15.26,14.73,13.48,12.72,12.46,12.23,11,8.9,6.83,585,140008,35,30,20.1,179,6.6,1,-0.6
2019-06-29 10:15:00,23.15,22.82,19.26,16.24,15.53,15.28,14.8,13.59,12.75,12.51,12.3,11.13,8.87,6.75,652,141508,35.5,30,20.2,177,6.2,0.7,-0.8
2019-06-29 10:30:00,23.14,22.47,19.34,16.29,15.51,15.28,14.94,13.83,12.84,12.53,12.29,11.23,8.24,6.46,855,143008,31.8,30,20.6,184,6.5,-0.1,-0.7
2019-06-29 10:45:00,23.16,21.61,19.5,16.4,15.65,15.3,14.94,13.75,12.81,12.54,12.19,11.27,7.85,6.46,448,144508,28,30,20.6,176,7.5,-0.4,0
2019-06-29 11:00:00,23.24,21.41,19.52,16.39,15.66,15.33,15.02,13.69,12.79,12.56,12.14,11.3,7.94,6.18,374,150008,33.3,30,21.4,144,7,-3.1,0.3
2019-06-29 11:15:00,23.2,21.2,19.35,16.46,15.55,15.29,14.95,13.88,12.89,12.6,12.16,11.29,7.89,6.44,162,151507,34,30,21.2,152,5.1,-3.2,-0.9
2019-06-29 11:30:00,23.11,21.54,19.43,16.49,15.55,15.29,15.03,14.14,12.98,12.63,12.2,11.34,8.01,6.58,114,153008,34.6,30,21.1,149,5,-0.4,-0.5
2019-06-29 11:45:00,23.05,21.23,18.76,16.49,15.63,15.33,15.11,14.23,13.04,12.62,12.23,11.38,8.17,6.66,142,154508,33.6,30,20.8,108,4.7,0.5,-1.2
2019-06-29 12:00:00,22.89,20.72,18.65,16.46,15.61,15.3,15.08,14.33,13.19,12.67,12.24,11.09,7.97,6.43,333,160007,34.8,30,21,101,2.9,0.3,-1.1
2019-06-29 12:15:00,22.87,21.51,18.29,16.33,15.6,15.28,15.08,14.29,13.24,12.7,12.17,10.05,7.79,6.11,473,161507,34.3,30,21.5,105,2.4,0.8,-0.4
2019-06-29 12:30:00,22.75,21.63,19.17,16.4,15.57,15.27,15.09,14.29,13.13,12.67,12.15,10.11,7.76,6.14,302,163007,35.9,30,22.3,106,1.5,2.9,-0.5
2019-06-29 12:45:00,22.81,21.27,18.59,16.47,15.48,15.2,15.01,14.29,13.06,12.65,12.11,9.52,7.43,5.97,281,164507,35.2,30,22.6,284,1.7,2.1,-0.6
2019-06-29 13:00:00,22.78,21.98,18.12,16.28,15.43,15.21,15.09,14.48,13.33,12.74,12.12,8.69,7.08,5.97,452,170007,29.4,30,22.1,342,2.8,1.6,0.8
2019-06-29 13:15:00,22.95,21.93,18.01,15.93,15.46,15.24,15.16,14.63,13.46,12.83,12.2,8.86,7.05,5.97,105,171507,38.8,30,21.7,336,4.9,1.7,-0.7
2019-06-29 13:30:00,22.97,21.69,18.23,16.24,15.47,15.28,15.16,14.71,13.95,12.89,12.26,8.83,7.05,5.98,256,173007,36.3,30,21.6,292,2.1,0.6,-0.9
2019-06-29 13:45:00,22.93,20.45,18.52,16.79,15.5,15.28,15.15,14.72,13.62,12.85,12.21,8.89,7.11,5.98,347,174507,35.8,30,22.2,331,2.3,0.9,-1.6
2019-06-29 14:00:00,22.95,20.14,18.67,16.22,15.42,15.25,15.14,14.73,13.73,12.88,12.24,9.03,7.18,6.01,394,180007,35.2,30,23.3,341,1.4,1.5,-0.9
2019-06-29 14:15:00,23.1,20.21,18.78,16.22,15.45,15.28,15.17,14.81,13.49,12.77,11.09,8.65,6.95,5.99,1044,181507,31.7,30,25.2,69,0.5,0.8,-0.7
2019-06-29 14:30:00,23.16,20.3,18.92,16.29,15.62,15.44,15.26,14.85,13.48,12.76,10.49,8.55,6.88,5.99,350,183007,37.2,30,24.9,270,1.8,0.8,-0.6
2019-06-29 14:45:00,23.22,20.07,18.43,16.08,15.68,15.65,15.2,14.78,13.32,12.7,10.38,8.31,6.79,5.97,344,184507,35.5,29.9,23.8,274,2.2,0.1,-1
2019-06-29 15:00:00,23.16,20.03,18.22,16.13,15.7,15.55,14.84,14.67,13.43,12.81,11,8.62,6.92,5.97,597,190007,35.8,29.9,24.2,342,1.1,1.5,-1.3
2019-06-29 15:15:00,22.86,19.8,17.85,16.21,15.73,15.5,15.15,14.63,13.31,12.72,10.7,8.33,6.91,5.97,963,191507,34,29.9,25.1,221,1.2,1.7,-0.7
2019-06-29 15:30:00,22.96,19.84,16.86,15.89,15.6,15.45,15.14,14.58,13.22,12.69,10.91,8.44,7.1,6.01,640,193007,31.7,29.9,24.5,223,2.7,1.6,-0.5
2019-06-29 15:45:00,22.92,19.78,16.94,16.1,15.64,15.31,15.08,14.41,13.23,12.73,11.32,8.6,7.04,6,200,194507,32.9,29.9,24.5,217,4.2,1,-0.6
2019-06-29 16:00:00,22.92,19.84,16.8,15.99,15.45,15.2,14.96,14.28,13.25,12.76,11.8,9.27,7.25,6.07,119,200007,35.9,29.9,23.5,217,6.7,0.6,-0.4
2019-06-29 16:15:00,23.05,20.28,17.55,16.03,15.39,15.11,14.66,13.52,13.04,12.64,11.54,10.54,8.16,6.55,94,201507,35,29.9,23.7,209,4.4,-0.2,0
2019-06-29 16:30:00,23.56,20.58,18.43,16.03,15.33,15.05,14.47,13.38,13.03,12.63,11.77,10.81,9.13,6.7,669,203007,37.4,29.9,23.9,199,3.9,0.5,-1.5
2019-06-29 16:45:00,22.84,20.51,18.02,16.2,15.31,14.96,13.96,13.23,12.94,12.62,12.01,10.94,8.81,6.83,572,204507,32.6,29.9,24.3,189,3.7,0.6,-0.5
2019-06-29 17:00:00,22.87,20.45,17.89,16.18,15.31,14.97,14.05,13.27,12.95,12.61,12.15,11.06,9.57,6.92,546,210007,30.3,29.8,24.4,204,6.8,0.8,-1.2
2019-06-29 17:15:00,23.45,20.47,17.56,16.38,15.39,14.97,14.03,13.2,12.95,12.57,12.07,11.19,10.36,7.21,100,211507,31.1,29.8,23.7,211,4.9,0.4,-0.6
2019-06-29 17:30:00,23.39,20.46,17.36,16.45,15.48,15,14.11,13.33,12.98,12.56,12.09,11.29,10.2,7.25,97,213007,33.3,29.8,23.9,219,3,0.5,-1.2
2019-06-29 17:45:00,23.32,20.5,17.31,16.43,15.49,15,14.21,13.47,13.08,12.59,12.16,11.4,10.07,7.98,111,214507,33.5,29.8,24,204,2.9,1.5,0
2019-06-29 18:00:00,23.07,20.77,17.53,16.41,15.43,14.98,14.25,13.6,13.14,12.7,12.22,11.5,10.3,8.82,107,220007,32.1,29.8,24.6,214,2.9,0.5,-0.7
2019-06-29 18:15:00,23.15,20.57,17.48,16.49,15.47,14.99,14.31,13.66,13.14,12.64,12.13,11.25,9.85,8.01,332,221507,34.2,29.8,24.8,281,1.7,0.8,-0.6
2019-06-29 18:30:00,23.01,20.76,17.74,16.46,15.45,15.07,14.44,13.78,13.18,12.7,12.17,11.22,9.72,7.72,150,223007,34.8,29.8,24.7,292,2.2,1.1,-1.1
2019-06-29 18:45:00,22.7,20.91,17.96,16.38,15.44,15.13,14.53,13.83,13.21,12.78,12.07,11.11,9.5,7.57,318,224507,34.7,29.9,24.2,312,2.4,0.7,-0.6
2019-06-29 19:00:00,23.03,20.62,17.88,16.23,15.41,15.14,14.64,13.83,13.22,12.78,12,11.13,9.39,7.77,271,230007,35.8,29.9,24,46,2.6,2,0.2
2019-06-29 19:15:00,23,20.31,17.85,16.2,15.4,15.14,14.68,13.86,13.34,13.01,12.09,11.21,9.45,7.99,57,231507,28.4,29.8,23.8,353,2.4,0.6,-1.1
2019-06-29 19:30:00,23.19,20.88,18.16,16.19,15.45,15.18,14.71,13.77,13.38,13.03,12.11,11.35,9.59,8.34,28,233007,35.4,29.8,23.1,342,3,1.6,-0.6
2019-06-29 19:45:00,23.52,21.08,17.92,16.15,15.45,15.22,14.77,13.87,13.46,13.1,12.16,11.43,9.75,8.62,28,234507,34.5,29.8,22.7,304,5.2,1.6,-0.8
2019-06-29 20:00:00,23.51,21.82,18.88,16.88,15.71,15.27,14.88,14.27,13.56,13.27,12.25,11.59,10.09,8.74,15,7,36.9,29.9,22,305,4.8,0.7,-1.2
2019-06-29 20:15:00,23.41,21.84,19.09,16.63,15.7,15.26,14.83,14.17,13.54,13.06,12.24,11.56,10.23,8.65,6,1507,35,29.8,21.8,332,3.5,1.1,-0.8
2019-06-29 20:30:00,23.25,22.12,19.41,16.89,15.77,15.27,14.88,14.3,13.52,13.08,12.21,11.57,10.33,8.75,3,3007,36.3,29.8,22.5,320,9,1.7,0.1
2019-06-29 20:45:00,23.06,22.66,19.36,16.92,15.88,15.32,14.94,14.46,13.56,13.22,12.32,11.57,10.41,8.81,0,4507,34.8,29.8,23.1,340,5.9,3.8,1.6
2019-06-29 21:00:00,22.91,22.62,19.53,16.91,15.88,15.33,14.92,14.27,13.48,13.1,12.24,11.43,10.48,8.61,-1,10007,31.2,29.8,22.7,343,5.6,2.5,-1.3
2019-06-29 21:15:00,22.73,22.6,19.27,16.78,15.76,15.27,14.88,14.15,13.48,12.96,12.23,11.53,10.56,8.56,-1,11507,34.2,29.9,22.3,325,13.1,6,1.8
2019-06-29 21:30:00,22.39,22.06,19.72,16.8,15.82,15.19,14.88,14.23,13.51,12.96,12.3,11.79,10.92,8.65,0,13007,33.4,29.9,19.8,26,15.6,2.6,-4.7
2019-06-29 21:45:00,21.97,21.72,20.05,16.4,15.8,15.17,14.92,14.38,13.55,13.01,12.3,11.83,10.86,8.68,1,14507,34.1,29.9,18.7,326,16,5.1,5.1
2019-06-29 22:00:00,21.69,21.48,19.67,16.31,15.76,15.23,14.97,14.56,13.6,13.11,12.33,11.88,10.93,8.72,1,20007,35.1,29.9,17,11,10,7.9,-6.1
2019-06-29 22:15:00,21.71,21.52,20.39,16.47,15.8,15.25,14.95,14.55,13.62,13.02,12.29,11.86,11.02,8.92,NA,21507,31.4,29.9,16.6,356,8.9,NA,NA
2019-06-29 22:30:00,21.73,21.54,20.3,16.47,15.89,15.61,15.04,14.63,13.67,13.02,12.29,11.9,10.4,8.99,2,23007,34.1,29.9,16.2,359,6.6,2.7,-1.6
2019-06-29 22:45:00,21.74,21.67,20.17,16.29,15.76,15.17,14.89,14.29,13.74,13.2,12.36,12.06,10.8,9.32,2,24507,35.4,29.9,16.4,21,9,0.5,-3.6
2019-06-29 23:00:00,21.76,21.53,20.56,16.21,15.81,15.23,14.96,14.54,13.78,13.22,12.38,12.13,10.61,9.47,2,30007,33.4,29.9,16.7,83,8,4.3,-2.9
2019-06-29 23:15:00,21.82,21.49,19.88,16.16,15.55,15.2,14.91,14.43,13.74,12.93,12.43,12.16,10.9,9.65,2,31507,33.9,29.9,16.6,355,8.8,0.8,-1
2019-06-29 23:30:00,21.83,21.69,20.33,16.24,15.59,15.23,14.95,14.58,13.9,13.38,12.53,12.35,11.54,9.42,2,33007,33.1,29.9,16.6,335,4.1,3.1,-1.8
2019-06-29 23:45:00,21.86,21.81,21.4,19.21,16.19,15.41,15.18,14.89,14.49,13.84,12.81,12.55,12.04,9.71,2,34507,35.1,29.9,16.4,358,5.3,0.4,-1.5
2019-06-30 00:00:00,21.88,21.86,21.76,19.53,16.28,15.64,15.29,14.99,14.67,14.05,13.37,12.64,12.18,10.11,2,40007,34.2,29.9,16.4,307,1.2,1.5,-1.2
2019-06-30 00:15:00,21.97,21.94,21.61,19.95,16.38,15.77,15.33,15.08,14.76,14.21,13.38,12.69,11.85,9.98,2,41507,32.3,29.9,16.5,347,2.2,3.1,-1.8
2019-06-30 00:30:00,22.01,21.99,21.92,20.74,16.53,15.9,15.33,15.08,14.76,14.24,13.02,12.54,11.01,9.52,2,43007,34,29.9,16.7,250,2.9,1.1,-0.9
2019-06-30 00:45:00,21.99,21.97,21.91,20.32,16.62,15.75,15.29,15.08,14.78,14.18,12.89,12.39,11.02,8.51,2,44507,30.8,29.9,16.7,265,2.3,0.5,-0.7
2019-06-30 01:00:00,21.89,21.87,21.85,20.26,16.61,15.75,15.32,15.09,14.78,14.02,12.92,12.43,11.32,9.1,2,50007,34.2,29.9,16.6,209,2.5,0.1,-1
2019-06-30 01:15:00,21.93,21.9,21.76,18.81,16.2,15.7,15.33,15.15,14.83,14.14,13,12.56,11.65,8.59,2,51507,35.1,29.9,16.9,168,3.3,0.3,-1
2019-06-30 01:30:00,21.91,21.88,21.65,17.26,15.83,15.61,15.32,15.11,14.83,14.08,13.14,12.7,11.92,9.51,2,53007,31.8,29.9,16.8,332,5.3,1.3,-0.9
2019-06-30 01:45:00,21.91,21.88,21.27,16.88,15.77,15.55,15.33,15.15,14.85,14.22,13.26,12.67,12.16,11.32,2,54507,31.6,29.8,16.9,321,1.1,1.3,-1.1
2019-06-30 02:00:00,21.92,21.89,20.93,16.77,15.75,15.64,15.34,15.17,14.85,13.89,13.12,12.44,12.07,10.36,2,60007,28,29.8,16.5,310,4.3,0.3,-1.4
2019-06-30 02:15:00,22.11,22.01,20.66,16.66,15.74,15.62,15.34,15.22,14.72,14.11,13.27,12.62,12.27,11.35,2,61507,31.2,29.8,16.6,128,5.5,1.8,0
2019-06-30 02:30:00,22.19,22.1,21.05,16.84,15.82,15.58,15.32,15.11,14.91,14.27,13.54,12.86,12.53,11.69,2,63007,30.7,29.8,16.4,98,3.1,1.7,-0.1
2019-06-30 02:45:00,22.25,22.23,21.55,16.79,15.79,15.57,15.33,15.13,14.96,14.56,13.71,13.12,12.67,12.09,2,64507,32.7,29.8,16.4,79,1.6,0,-3.2
2019-06-30 03:00:00,22.29,22.27,21.85,18.21,16.46,15.77,15.51,15.29,15.09,14.96,14.37,13.79,13.12,12.64,2,70007,32.8,29.8,16.3,69,1.9,-0.8,-1.6
2019-06-30 03:15:00,22.33,22.32,22.28,21.61,19.29,16.44,15.62,15.37,15.23,15.04,14.65,13.97,13.43,12.8,2,71507,30.3,29.8,16.2,114,2.3,0.6,-1.2
2019-06-30 03:30:00,22.41,22.39,22.34,22.03,20.94,18.03,16.12,15.52,15.29,15.12,14.71,14.18,13.46,12.96,2,73007,31,29.8,16.2,102,1.4,1,-0.5
2019-06-30 03:45:00,22.43,22.41,22.32,21.07,20.15,18.65,16.13,15.55,15.26,14.97,14.51,14.15,13.64,13.07,2,74507,34.5,29.8,16.4,74,3.3,0.3,-0.6
2019-06-30 04:00:00,22.64,22.45,22.36,20.87,19.8,17.92,15.96,15.53,15.24,14.82,14.46,14.15,13.44,13.06,2,80007,32.3,29.8,16.4,88,4.1,0.8,-1.8
2019-06-30 04:15:00,22.68,22.42,21.19,20.57,18.44,17.19,15.99,15.57,15.34,15.06,14.66,14.4,13.75,13.28,2,81507,32.1,29.8,16.4,135,1.7,0.8,-1.2
2019-06-30 04:30:00,22.69,22.31,20.93,19.62,17.56,16.63,15.8,15.56,15.39,15.11,14.74,14.4,14.17,13.51,2,83007,30.9,29.8,16.3,283,4.8,1.3,-1.2
2019-06-30 04:45:00,22.72,22.3,20.96,19.71,17.23,16.34,15.65,15.52,15.32,15.02,14.61,14.42,13.87,13.48,2,84507,37.7,29.9,16.4,92,5.4,0.8,-0.6
2019-06-30 05:00:00,22.75,22.18,21.06,20.19,17.75,16.22,15.74,15.53,15.34,15.1,14.68,14.49,13.98,13.43,2,90007,34.3,29.9,16.2,84,1.9,1,-1
2019-06-30 05:15:00,22.79,22.23,21.18,20.49,17.97,16.19,15.73,15.49,15.33,15,14.73,14.55,13.79,13.37,3,91507,33,29.8,16,90,5.9,0.6,-1.2
2019-06-30 05:30:00,22.8,22.48,21.29,20.78,18.46,16.15,15.64,15.43,15.25,14.86,14.65,14.36,13.54,13.4,10,93007,33.8,29.8,16.1,80,3.7,0.6,-0.9
2019-06-30 05:45:00,22.81,22.27,21.22,20.52,18.32,16.13,15.73,15.46,15.32,15.01,14.73,14.03,13.75,13.59,66,94507,33,29.8,16.2,81,3.1,0.6,-2
2019-06-30 06:00:00,22.83,21.77,21.17,19.99,17.67,16,15.54,15.4,15,15.02,14.44,14.03,13.85,13.65,94,100007,35,29.8,16.4,140,2.9,0.6,-1.1
2019-06-30 06:15:00,22.8,21.83,21.15,19.61,17.17,15.91,15.52,15.32,15.06,14.67,14.35,14.19,13.92,13.64,100,101507,34.4,29.8,16.4,135,2.3,0.4,-0.8
2019-06-30 06:30:00,22.82,21.95,21.18,19.62,17.67,15.85,15.5,15.28,15.11,14.69,14.37,14.12,13.85,13.6,72,103007,32.6,29.8,16.8,181,1.6,1,-1
2019-06-30 06:45:00,22.82,21.99,21.12,19.34,17.62,15.81,15.49,15.2,14.75,14.48,14.25,14.11,14.01,13.78,74,104507,33.6,29.8,16.8,47,0.6,0.9,-1
2019-06-30 07:00:00,22.83,22.41,21.39,19.43,17.82,16.17,15.66,15.08,14.71,14.42,14.22,14.01,13.96,13.7,160,110007,27.7,29.8,16.9,72,1.4,1,-0.8
2019-06-30 07:15:00,22.84,22.47,21.46,19.32,17.58,16.22,15.56,15.26,14.55,14.35,14.13,13.95,13.76,13.5,272,111507,30.9,29.8,17,61,3.2,0.8,-1.1
2019-06-30 07:30:00,22.87,22.66,21.62,20.08,17.76,16.41,15.65,15.3,14.78,14.45,14.23,13.98,13.57,13.17,476,113007,32.2,29.8,18.8,344,1,0.6,-0.8
2019-06-30 07:45:00,22.9,22.77,21.86,20.53,17.77,16.48,15.81,15.3,14.89,14.49,14.12,13.86,13.47,12.89,385,114507,35.8,29.8,18.7,41,4.7,1.1,-0.9
2019-06-30 08:00:00,22.96,22.8,22.06,20.9,17.78,16.48,15.8,15.28,14.93,14.47,14.06,13.8,13.48,12.66,304,120007,35.9,29.8,18.5,36,2.9,0.4,0
2019-06-30 08:15:00,22.96,22.82,22.06,20.89,18.33,16.6,16.06,15.42,15.16,14.68,14.24,13.94,13.61,12.83,165,121507,32.5,29.8,18.2,17,1.4,0.7,-1.7
2019-06-30 08:30:00,22.98,22.82,22.03,20.06,18.04,16.64,16.06,15.45,15.2,14.7,14.26,13.8,13.44,12.84,233,123007,33.4,29.8,18.5,74,2.6,2.4,-2.1
2019-06-30 08:45:00,23,22.82,22.06,19.86,17.69,16.74,16.18,15.52,15.37,14.84,14.48,13.86,13.47,13.1,377,124507,34.7,29.8,18.9,25,2.1,1,-1
2019-06-30 09:00:00,23.02,22.8,22.09,20.08,17.23,16.81,15.84,15.49,15.25,14.88,14.53,13.7,13.51,13.18,304,130007,33.2,29.8,18.5,14,2.9,1.2,-0.5
2019-06-30 09:15:00,23.05,22.73,21.46,19.94,17.38,16.85,16.01,15.56,15.38,15.17,14.87,13.95,13.58,13.49,254,131507,30.3,29.8,18.2,29,4.9,1.1,-0.8
2019-06-30 09:30:00,23.11,22.76,21.83,19.76,17.06,16.7,15.71,15.53,15.38,15.07,14.57,13.78,13.62,12.97,312,133007,28.4,29.8,18.1,10,5,0.6,-1
2019-06-30 09:45:00,23.08,22.67,21.38,19.25,17.1,16.5,15.7,15.55,15.43,15.16,14.66,13.86,13.69,13.44,457,134507,34.6,29.8,18.3,19,6.2,1.2,-2
2019-06-30 10:00:00,23.14,22.76,21.65,19.72,17.47,16.33,15.7,15.53,15.41,15.14,14.67,13.92,13.57,12.87,523,140007,35,29.8,18.5,27,7.2,1.6,-1.6
2019-06-30 10:15:00,23.12,22.71,21.52,19.78,17.3,16.26,15.7,15.56,15.44,15.02,14.71,13.96,13.6,12.26,375,141507,38.4,29.9,18.5,26,6,2.8,-2.8
2019-06-30 10:30:00,23.16,22.57,21.74,20.3,17.32,16.46,15.64,15.46,15.17,15,14.64,14.01,13.62,12.46,294,143007,34.8,29.8,18.6,19,10.3,1.8,-3.1
2019-06-30 10:45:00,23.15,22.69,21.69,19.95,17.18,16.09,15.55,15.38,15.07,14.91,14.46,14.03,13.69,13.31,260,144507,31.2,29.8,18.6,3,8,2.9,-0.1
2019-06-30 11:00:00,23.17,22.89,21.51,19.71,16.97,15.86,15.64,15.38,15.06,14.78,14.31,14,13.76,13.26,452,150007,32.5,29.8,18.9,7,6.3,-0.3,-0.4
2019-06-30 11:15:00,23.2,22.75,21.43,20.09,16.98,15.87,15.57,15.2,15.02,14.63,14.29,13.91,13.63,13.32,310,151507,35.9,29.8,19.1,356,9.1,4,-1.8
2019-06-30 11:30:00,23.1,22.68,21.52,20.01,17.07,15.88,15.52,15.22,14.99,14.69,14.27,13.88,13.56,13.24,349,153007,38.2,29.9,18.8,359,10.5,4.6,0.2
2019-06-30 11:45:00,22.96,22.59,21.56,20.15,17.34,16,15.48,15.28,14.98,14.69,14.33,13.76,13.46,13.24,403,154507,37.4,29.8,18.8,9,9.3,9.2,-1.4
2019-06-30 12:00:00,22.98,22.73,21.37,20.31,17.78,16.22,15.54,15.32,14.98,14.65,14.15,13.65,13.46,13.23,537,160007,35.3,29.8,19.1,21,7.1,3.4,-3.2
2019-06-30 12:15:00,23.1,22.96,21.89,20.65,17.79,16.06,15.54,15.31,14.92,14.63,14.24,13.71,13.52,13.26,985,161507,35.8,29.8,19.5,35,5.8,3.6,-2.4
2019-06-30 12:30:00,23.31,23.13,22.34,20.91,17.97,16.19,15.59,15.4,15.02,14.65,14.08,13.74,13.48,13.09,1068,163007,37.7,29.8,19.9,54,9.1,1.8,-5.6
2019-06-30 12:45:00,23.31,23.18,22.33,20.98,17.93,16.14,15.53,15.35,15.01,14.63,14.02,13.76,13.38,13.01,830,164507,35.1,29.8,20.7,350,11.3,7.5,-0.7
2019-06-30 13:00:00,22.95,22.93,22.53,21.97,18.29,16.77,15.69,15.41,15.2,14.69,14.07,13.75,13.39,13.02,133,170007,32.8,29.8,20.6,346,7.8,11.5,0.2
2019-06-30 13:15:00,23.09,23.06,22.9,21.96,18.65,17,15.86,15.46,15.29,14.7,14.15,13.73,13.36,13.02,1031,171507,33.6,29.8,20.6,354,10.1,0.4,-1.6
2019-06-30 13:30:00,22.94,22.92,22.55,21.23,17.45,16.58,15.68,15.43,15.06,14.68,14.15,13.9,13.39,13.03,389,173007,35.9,29.8,20.4,2,14.8,4.1,-1.6
2019-06-30 13:45:00,22.86,22.79,22.61,22,17.77,16.58,15.65,15.44,15.01,14.71,14.3,14.02,13.5,13.05,398,174507,35.5,29.8,19.9,58,9.6,-1.3,-2.8
2019-06-30 14:00:00,22.78,22.78,22.59,22.04,17.85,16.69,15.55,15.43,14.87,14.73,14.39,14.1,13.48,13.09,37,180007,34.2,29.8,18.1,334,17.5,6.5,2
2019-06-30 14:15:00,22.52,22.49,22.39,22.32,21.13,16.78,15.63,15.42,14.8,14.74,14.49,14.17,13.41,12.67,219,181507,35.1,29.9,15.7,15,10.2,0,-2.6
2019-06-30 14:30:00,22.48,22.46,22.36,22.22,21.46,16.84,15.6,15.37,14.74,14.75,14.51,14.15,13.45,12.19,920,183007,31.9,29.9,16.4,351,7.2,4.3,-2.9
2019-06-30 14:45:00,22.44,22.37,22.25,21.99,21.35,16.95,16.06,15.24,14.91,14.73,14.63,14.25,13.53,12.35,940,184507,34.9,29.9,17.7,4,8,5.1,-1.3
2019-06-30 15:00:00,22.38,22.26,22.17,22.07,21.34,17.05,16.16,15.32,14.96,14.73,14.67,14.42,13.62,12.32,956,190007,36,29.9,18.7,352,8.6,0.7,-0.8
2019-06-30 15:15:00,22.22,22.2,22.13,21.92,21.45,17.19,16.27,15.41,14.99,14.75,14.68,14.56,13.69,12.48,349,191507,35.3,29.9,18.3,5,9.1,6.8,-1.3
2019-06-30 15:30:00,22.14,22.12,22.09,22.01,21.37,17.39,16.33,15.53,14.96,14.75,14.7,14.57,13.71,12.35,31,193007,36,29.9,17.2,326,8.6,2.4,-0.3
2019-06-30 15:45:00,22.31,22.27,22.19,21.79,21.48,17.3,16.14,15.47,14.87,14.79,14.69,14.28,13.66,12.33,82,194507,30.9,29.9,17,353,11.4,2.3,0.8
2019-06-30 16:00:00,22.37,22.32,22.07,21.84,18.96,16.42,16,15.46,14.96,14.82,14.68,14.04,13.56,12.13,209,200007,34.7,29.9,17.6,346,10.5,4.4,0.9
2019-06-30 16:15:00,22.32,22.27,22.15,21.8,18.86,16.36,15.98,15.45,15,14.77,14.61,13.85,12.86,11.74,616,201507,36.7,29.9,18,348,11.6,2.2,-0.8
2019-06-30 16:30:00,22.19,22.14,21.83,21.71,20.08,16.41,16.09,15.5,15.02,14.78,14.59,13.73,12.52,11.69,643,203007,37.8,29.9,18.8,339,10.6,3.5,0
2019-06-30 16:45:00,22.06,21.94,21.82,21.67,21.16,17.9,16.23,15.77,15.2,14.95,14.53,13.86,13.01,11.77,600,204507,32.7,29.9,19.6,352,8,-0.9,0.4
2019-06-30 17:00:00,22,21.98,21.92,21.81,21.42,19.83,16.42,15.79,15.21,14.82,14.33,13.43,13.11,11.65,535,210007,29.7,29.9,19.9,342,11.3,6.1,-0.4
2019-06-30 17:15:00,21.96,21.94,21.9,21.8,21.51,19.28,16.47,15.75,15.21,14.83,14.34,13.52,13.34,11.92,533,211507,32.7,29.9,20.1,341,14.1,5.6,2.2
2019-06-30 17:30:00,21.87,21.83,21.81,21.69,21.42,19.67,16.85,16.02,15.41,14.89,14.38,13.83,13.53,12.26,438,213007,30.1,29.9,20.3,335,9.2,3.6,0.4
2019-06-30 17:45:00,21.76,21.74,21.66,21.56,21.32,19.75,17.6,17.1,15.64,15.18,14.54,14.2,14.03,12.92,286,214507,32.9,29.9,20.4,331,13,5.5,0.9
2019-06-30 18:00:00,21.69,21.67,21.63,21.53,21.44,20.7,19.21,17.3,15.71,15.28,14.81,14.52,14.34,13.62,272,220007,33.5,29.9,20.3,338,12.8,3.6,-0.2
2019-06-30 18:15:00,21.64,21.61,21.53,21.43,21.3,20.72,19.76,17.22,15.72,15.45,14.86,14.6,14.33,13.09,349,221507,30.9,29.9,20.4,337,11.6,1.5,0
2019-06-30 18:30:00,21.55,21.53,21.49,21.44,21.34,21,20.15,17.88,16.01,15.68,14.91,14.66,14.45,13.38,285,223007,34.4,29.9,20.6,344,9,3.1,-0.4
2019-06-30 18:45:00,21.35,21.33,21.24,21.22,21.25,21.06,20.34,19.73,16.75,15.77,15.2,14.84,14.57,13.71,240,224507,34.9,29.9,20.7,328,9.3,4.5,-0.1
2019-06-30 19:00:00,21.19,21.16,21.15,21.09,21.04,21.01,20.55,19.6,16.46,15.79,15.22,14.9,14.69,13.89,217,230007,33.7,29.9,20.8,341,6.1,3.4,-1.5
2019-06-30 19:15:00,21.1,21.09,21.06,21.01,20.98,20.97,20.69,20.17,16.55,15.9,15.36,15.05,14.8,14.19,47,231507,34.4,29.9,20.4,336,9.1,4,-1.5
2019-06-30 19:30:00,20.87,20.86,20.84,20.8,20.83,20.88,20.87,20.71,20.35,19.76,16.27,15.78,15.08,14.83,58,233007,32.2,29.9,20.1,346,10.3,4,-2.1
2019-06-30 19:45:00,20.91,20.86,20.82,20.75,20.75,20.8,20.68,20.43,17.41,16.32,16.17,15.31,14.92,14.65,55,234507,36.8,29.9,20.1,336,8,-0.7,-1.2
2019-06-30 20:00:00,20.89,20.86,20.82,20.79,20.72,20.64,20.45,20.29,17.98,16.5,16.35,15.39,15,14.71,87,7,36.3,29.9,20.1,320,8.9,4.3,-1
2019-06-30 20:15:00,20.91,20.88,20.85,20.71,20.63,20.55,20.46,20.24,18.58,16.7,16.5,15.32,15.06,14.75,23,1507,37.2,29.9,19.9,337,8.7,7.7,-0.7
2019-06-30 20:30:00,20.83,20.82,20.8,20.7,20.68,20.58,20.18,19.94,17.56,16.76,16.28,15.25,15.21,14.97,11,3007,35.3,29.9,19.5,332,5.6,4.1,-2
2019-06-30 20:45:00,20.9,20.87,20.79,20.69,20.64,20.44,20.14,19.51,18.47,17.11,16.6,15.45,15.33,15.28,4,4507,34.8,29.9,19.3,318,5,2.2,-1
2019-06-30 21:00:00,20.88,20.83,20.78,20.67,20.38,20.17,19.89,19.35,18.25,17.14,16.4,15.49,15.32,14.97,1,10007,32.4,29.9,19.2,335,8.5,1.5,-0.8
2019-06-30 21:15:00,20.99,20.95,20.85,20.68,20.56,20.41,19.86,19.12,18.03,17.19,16.49,15.61,15.27,15.11,1,11507,35,29.9,19.3,322,8.3,0.4,-0.8
2019-06-30 21:30:00,21.41,21.05,20.8,20.48,20.4,20.35,20.03,19.35,17.56,16.84,15.95,15.38,15.14,14.83,1,13007,30.5,29.9,19.5,335,7,1.5,-0.6
2019-06-30 21:45:00,21.48,21.33,20.89,20.43,20.47,20.17,19.62,19.02,18.3,17.11,15.81,15.28,15.16,14.77,1,14507,32.7,29.9,19.6,313,9.2,3.1,1
2019-06-30 22:00:00,21.47,21.05,20.65,20.26,19.93,19.73,19.63,19.12,18.11,17.23,16.5,15.35,15.14,14.66,0,20007,29.6,29.9,19.7,322,8,0.6,-1.4
2019-06-30 22:15:00,21.37,21.24,20.75,20.13,19.88,19.72,19.55,19.08,18.15,17.63,16.73,15.35,15.26,15.01,1,21507,32.6,29.9,19.6,310,6.4,1.6,-2
2019-06-30 22:30:00,21.5,21.29,20.92,20.31,19.8,19.57,19.36,19.1,18.55,17.77,17.06,16.73,15.23,15.14,0,23007,32.9,29.9,19.5,335,5.9,0.3,-2.6
2019-06-30 22:45:00,21.52,21.02,20.66,20.45,19.83,19.44,19.06,18.92,18.39,17.82,17.41,16.21,15.35,15.13,0,24507,33.2,29.9,19.6,329,5.1,3.1,-1.1
2019-06-30 23:00:00,21.34,21.17,20.75,20.51,20.38,19.51,19.15,18.95,18.17,17.83,17.68,16.87,15.56,15.17,1,30007,32.6,29.9,19.4,125,3,2.2,-2.2
2019-06-30 23:15:00,21.63,21.36,20.85,20.62,20.41,19.91,19.27,18.95,18.61,18.06,17.73,16.57,15.5,14.78,1,31507,31.4,29.9,18.2,87,6.9,2,-1.1
2019-06-30 23:30:00,21.75,21.42,20.94,20.74,20.52,20.14,19.48,18.92,18.76,18.19,17.65,16.82,15.44,14.34,1,33007,33.3,29.9,17.9,89,5.9,2.3,-1.1
2019-06-30 23:45:00,21.81,21.59,21.04,20.81,20.55,20.09,19.36,18.79,18.54,18.18,17.4,16.38,15.36,14.3,1,34507,34.6,30,17.8,69,6.1,1.7,-2.7
2019-07-01 00:00:00,21.84,21.52,21.05,20.9,20.79,20.31,19.58,18.8,18.6,18.32,17.67,16.43,15.26,14.27,1,40007,33.3,29.9,18,76,6.5,1.6,-2
2019-07-01 00:15:00,21.89,21.57,21.18,20.97,20.91,20.44,19.93,18.91,18.63,18.4,17.74,16.39,15.33,14.25,1,41507,33.2,29.9,17.6,145,3.3,2,-2.1
2019-07-01 00:30:00,21.94,21.6,21.23,21.02,20.93,20.81,20.01,18.97,18.66,18.49,17.74,16.05,15.25,14.42,1,43007,29.2,29.9,17.5,83,4.9,0.5,-1.2
2019-07-01 00:45:00,21.95,21.43,21.24,21.01,20.91,20.84,19.74,19.36,18.71,18.6,17.93,16.15,15.54,14.56,1,44507,33.2,30,17.3,86,5.6,1.8,-1.6
2019-07-01 01:00:00,21.78,21.42,21.19,21.03,20.91,20.88,20.33,19.33,19.04,18.69,17.99,15.94,15.21,14.7,2,50007,32.6,29.9,17.2,82,5.6,0.1,-2.9
2019-07-01 01:15:00,21.72,21.7,21.29,21,20.9,20.86,20.71,19.39,19.07,18.74,17.89,16.4,15.35,14.77,2,51507,34.4,30,16.9,98,1.6,0.2,-1.1
2019-07-01 01:30:00,21.67,21.65,21.26,21.02,20.9,20.83,20.75,19.51,18.98,18.38,17.71,16.02,15.13,14.87,2,53007,33.6,30,16.8,162,2.1,0.1,-1.7
2019-07-01 01:45:00,21.66,21.6,21.23,20.96,20.81,20.78,20.72,19.75,18.96,18.33,17.45,15.75,15.14,15,2,54507,26.7,29.9,16.9,207,2.3,1.1,-0.7
2019-07-01 02:00:00,21.63,21.6,21.23,20.93,20.78,20.76,20.72,19.46,18.78,18.28,17.33,15.46,15.12,15.12,2,60007,31.3,30,16.6,302,4.2,0.8,0
2019-07-01 02:15:00,21.59,21.56,21.21,20.9,20.75,20.73,20.68,19.1,18.7,18.36,17.63,15.49,15.26,15.21,2,61507,33,30,16.3,283,4.7,0.8,-0.2
2019-07-01 02:30:00,21.59,21.56,21.18,20.93,20.75,20.69,20.65,19.02,18.46,18.26,16.06,15.44,15.31,15.16,2,63007,33,30,16.1,305,3.1,1.1,-0.7
2019-07-01 02:45:00,21.57,21.54,21.28,20.93,20.77,20.7,20.56,18.95,18.48,18.29,15.65,15.43,15.35,14.81,2,64507,32.1,30,16.1,305,4.3,0.8,-0.5
2019-07-01 03:00:00,21.51,21.42,21.17,20.92,20.66,20.63,20.57,18.89,18.47,18.32,15.59,15.48,15.42,15.13,2,70007,29.3,30,15.8,301,4,0.7,-0.3
2019-07-01 03:15:00,21.41,21.35,21.14,20.79,20.69,20.62,20.51,18.94,18.53,18.42,16.32,15.5,15.48,14.83,2,71507,33.5,30,15.8,305,4,1,-0.5
2019-07-01 03:30:00,21.28,21.24,21.11,20.94,20.63,20.62,20.12,18.83,18.61,18.49,16.73,15.55,15.53,14.95,2,73007,33.4,30,15.6,279,5.1,0.7,-0.4
2019-07-01 03:45:00,21.18,21.13,21.11,20.96,20.73,20.57,20.43,18.86,18.64,18.38,16.1,15.58,15.56,14.75,2,74507,33.6,30,15.6,318,3.2,0.7,-1.2
2019-07-01 04:00:00,21.13,21.1,21.06,20.97,20.79,20.73,20.48,18.97,18.66,18.22,16.17,15.61,15.58,14.75,2,80007,31.2,30,15.5,313,2,0.6,-0.4
2019-07-01 04:15:00,21.07,21.06,21.02,20.85,20.74,20.72,20.34,18.94,18.69,18.37,16.09,15.63,15.31,14.68,3,81507,29.3,30,15.2,161,1.6,0.7,-0.8
2019-07-01 04:30:00,21.03,21.01,20.96,20.84,20.75,20.73,20.26,19.01,18.72,18.61,17.37,15.64,15.28,14.72,3,83007,34.5,30,14.9,1,0.6,0.6,-0.5
2019-07-01 04:45:00,21,20.98,20.95,20.71,20.71,20.69,20.54,19.14,18.77,18.66,17.42,15.64,15.35,14.68,3,84507,38.2,30,15,79,0.9,0.6,-1
2019-07-01 05:00:00,20.96,20.95,20.91,20.72,20.68,20.64,20.47,19.6,18.98,18.66,17.33,15.67,15.26,14.68,4,90007,31.5,30,15.1,297,2.2,0.9,-0.8
2019-07-01 05:15:00,20.91,20.91,20.91,20.84,20.79,20.64,20.46,19.66,19,18.71,17.92,15.68,15.28,14.71,7,91507,31.6,30,15,309,2.3,0.6,-0.4
2019-07-01 05:30:00,20.91,20.9,20.88,20.84,20.79,20.74,20.48,19.77,19.06,18.59,17.65,15.67,15.2,14.55,14,93007,27.7,30,15,321,1.6,0.8,-0.6
2019-07-01 05:45:00,20.9,20.89,20.86,20.76,20.68,20.64,20.32,19.6,19.17,18.74,17.7,15.61,15.26,14.32,21,94507,34.7,30,15,310,3.2,0.8,-0.6
2019-07-01 06:00:00,20.87,20.85,20.83,20.75,20.71,20.65,20.41,19.74,19.25,18.61,17.26,15.55,15.35,14.45,75,100007,32.4,30,16.7,277,4.2,1,-0.6
2019-07-01 06:15:00,20.88,20.86,20.82,20.72,20.58,20.58,20.47,19.83,19.26,18.76,16.74,15.51,15.33,14.22,108,101507,31.3,30,17.9,20,0.5,0.7,-1.3
2019-07-01 06:30:00,20.95,20.92,20.84,20.79,20.82,20.82,20.56,20.34,19.88,18.97,15.72,15.46,14,13.89,142,103007,34,30,18.7,55,1.9,0.8,-1.3
2019-07-01 06:45:00,21,20.92,20.85,20.76,20.66,20.55,20.43,20.07,19.53,18.89,15.71,15.53,14.95,13.76,180,104507,29.6,30,18.7,132,1.8,0.6,-1
2019-07-01 07:00:00,21.01,20.92,20.85,20.78,20.72,20.54,20.38,20.23,19.7,18.38,15.64,15.54,14.06,13.18,220,110007,32.8,30,19.3,142,1.1,1,-1
2019-07-01 07:15:00,21.08,20.9,20.84,20.78,20.7,20.54,20.36,20.11,19.34,18.21,15.63,15.56,14.23,13.24,262,111507,31,30,20.5,222,1.4,0.6,-0.8
2019-07-01 07:30:00,21.11,20.89,20.84,20.77,20.72,20.54,20.38,20.15,19.25,18.34,15.64,15.56,14.03,13.06,306,113007,34.4,30,20.8,126,0.9,0.8,-1.2
2019-07-01 07:45:00,21.12,20.86,20.83,20.76,20.71,20.54,20.36,20.13,19.23,18.03,15.66,15.61,14.04,13.1,353,114507,32.3,30,20.5,147,0.4,1.5,-0.6
2019-07-01 08:00:00,21.12,20.86,20.82,20.77,20.73,20.5,20.33,20.11,19.18,18.06,15.69,15.66,14.14,13.01,401,120007,28.6,30,20.6,117,0.6,1.4,-0.6
2019-07-01 08:15:00,21.13,20.87,20.82,20.76,20.61,20.48,20.35,20.08,19.12,17.11,15.72,15.64,14.22,13.24,445,121507,32.9,30,21.4,71,1.5,0.4,-1.5
2019-07-01 08:30:00,21.14,20.86,20.81,20.69,20.62,20.54,20.38,20.07,19.24,17.17,15.72,15.65,14.25,13.35,487,123007,33.6,30,19.9,61,1.5,0.6,-0.9
2019-07-01 08:45:00,21.12,20.86,20.81,20.67,20.66,20.58,20.31,20.14,19.22,17.07,15.74,15.63,14.39,13.45,528,124507,30.6,30,20.8,1,0,0.7,-0.8
2019-07-01 09:00:00,21.13,20.87,20.81,20.69,20.67,20.56,20.26,19.91,19.12,17.11,15.74,15.65,14.33,13.44,569,130007,34,30,22.4,63,1,1.1,-1.7
2019-07-01 09:15:00,21.18,20.87,20.82,20.66,20.52,20.33,20.22,19.72,19.17,17.56,15.93,15.64,14.31,13.34,611,131507,30.5,30,22.9,250,1.1,1.1,-1.7
2019-07-01 09:30:00,21.21,20.92,20.83,20.68,20.51,20.35,20.23,19.67,19.24,17.57,15.77,15.54,14.29,13.22,643,133007,32,30,23.1,249,1.3,0.6,-1.7
2019-07-01 09:45:00,21.3,20.95,20.85,20.73,20.49,20.35,20.19,19.76,19.2,17.81,15.81,15.52,14.3,13.27,690,134507,34.1,30,22.1,270,2.3,1.5,-0.5
2019-07-01 10:00:00,21.41,21.09,20.92,20.76,20.43,20.39,20.16,19.77,19.13,17.9,15.78,15.38,14.23,13.47,723,140007,33.6,30,22.8,241,0.9,0.8,-1.7
2019-07-01 10:15:00,21.46,21.11,20.95,20.77,20.42,20.34,20.07,19.74,19.22,18.14,15.76,15.11,14.11,13.12,755,141507,33.6,30,23,270,2,0.8,-1.6
2019-07-01 10:30:00,21.41,21.11,20.99,20.82,20.45,20.39,20.18,19.73,19.15,17.19,15.72,14.87,14.25,13.19,782,143007,30.9,30,23.2,283,1.9,0.5,-1.2
2019-07-01 10:45:00,21.38,21.11,21.01,20.83,20.68,20.38,20.15,19.7,19.04,16.95,15.58,14.82,14.3,13.02,811,144507,30.4,30,23.1,226,2.1,1.2,-1.1
2019-07-01 11:00:00,21.58,21.25,21.01,20.86,20.69,20.39,20.14,19.69,19.01,17.08,15.56,14.67,14.25,13.01,837,150007,35.9,30,22.8,228,1.7,0.6,-1.1
2019-07-01 11:15:00,21.67,21.29,21.03,20.84,20.66,20.34,19.95,19.67,19,16.94,15.55,14.64,14.04,13.14,860,151507,33.3,30,22.7,61,0.6,0.8,-1
2019-07-01 11:30:00,21.66,21.35,21.02,20.84,20.69,20.32,20.05,19.73,18.95,16.71,15.5,14.69,14.07,13.19,882,153007,36.7,30,23.4,181,3,0.7,-1.2
2019-07-01 11:45:00,21.94,21.45,21.08,20.81,20.69,20.3,19.96,19.71,18.69,16.57,15.5,14.71,13.97,13.35,902,154507,34.3,30,22.8,207,2,1.5,-0.9
2019-07-01 12:00:00,22.16,21.45,21.09,20.85,20.74,20.33,20.03,19.83,18.77,16.58,15.49,14.71,14.16,13.51,912,160007,36.7,30,22.8,176,2.5,0.3,-2.6
2019-07-01 12:15:00,22.32,21.47,21.16,20.84,20.75,20.35,20.12,19.9,18.93,16.49,15.47,14.73,14.06,13.4,927,161507,41,30,23,194,2.2,0.4,-2.1
2019-07-01 12:30:00,22.46,21.5,21.2,20.85,20.75,20.35,20.01,19.9,18.75,16.52,15.45,14.76,14.21,13.46,924,163007,36.5,30,23,214,4.5,1,0
2019-07-01 12:45:00,22.59,21.54,21.21,20.86,20.76,20.35,20.06,19.91,18.72,16.52,15.4,14.79,14.24,13.37,933,164507,33.8,30,23.2,226,3.9,-1.5,-0.9
2019-07-01 13:00:00,22.58,21.47,21.19,20.83,20.74,20.32,20.04,19.93,18.78,16.42,15.31,14.82,14.27,13.24,932,170007,31.6,30,23.5,237,3.4,0.3,-1
2019-07-01 13:15:00,22.52,21.45,21.15,20.8,20.65,20.28,20.03,19.94,18.93,16.62,15.27,14.83,14.33,13.32,930,171507,35.7,30,24.1,222,2.7,0.2,-0.7
2019-07-01 13:30:00,22.52,21.45,21.14,20.79,20.67,20.26,20.02,19.95,18.87,16.75,15.3,14.89,14.41,13.35,929,173007,33,30,24.5,261,1.8,0.7,-1.2
2019-07-01 13:45:00,22.48,21.43,21.15,20.81,20.69,20.26,20.03,19.96,18.73,16.49,15.22,14.91,14.39,13.33,904,174507,33.3,30,24.3,329,2.7,0.8,-1
2019-07-01 14:00:00,22.27,21.41,21.11,20.8,20.66,20.27,20.04,19.97,19.02,16.64,15.29,14.99,14.52,13.65,913,180007,34.6,30,24.2,344,1.6,1.1,-0.5
2019-07-01 14:15:00,22.2,21.41,21.1,20.81,20.65,20.27,20.04,19.98,19.21,17.06,15.42,15.01,14.53,13.86,895,181507,28.9,29.9,24.3,16,1.7,0.3,-1
2019-07-01 14:30:00,22.4,21.51,21.14,20.82,20.66,20.28,20.06,19.99,19.27,17.24,15.5,15.03,14.53,13.87,869,183007,35.9,30,24.3,18,1.9,0.1,-0.7
2019-07-01 14:45:00,22.32,21.53,21.13,20.81,20.66,20.27,20.07,19.98,19.23,17.22,15.54,15.03,14.53,13.78,861,184507,35.8,30,24.8,92,0.9,0.6,-1.5
2019-07-01 15:00:00,22.29,21.57,21.17,20.81,20.64,20.26,20.07,19.98,19.35,17.31,15.52,15.05,14.57,13.73,753,190007,34.8,29.9,25.9,297,0.8,1.2,-1.1
2019-07-01 15:15:00,22.29,21.54,21.17,20.81,20.61,20.26,20.07,19.99,19.4,17.1,15.46,15.06,14.56,13.86,821,191507,36.3,29.9,25.3,330,3.4,0.4,-0.8
2019-07-01 15:30:00,22.36,21.56,21.2,20.82,20.62,20.23,20.06,20.01,19.51,17.27,15.47,15.07,14.62,14.14,792,193007,31.6,29.9,25.2,321,2.8,0,-0.7
2019-07-01 15:45:00,22.31,21.54,21.23,20.84,20.63,20.23,20.05,20.02,19.55,17.3,15.42,15.08,14.63,13.92,718,194507,35.6,29.9,25,5,3.1,0.8,-0.7
2019-07-01 16:00:00,22.33,21.53,21.22,20.8,20.61,20.18,20.05,20.02,19.59,17.36,15.41,15.08,14.63,13.91,626,200007,35,29.9,24.8,354,4.5,2,-0.3
2019-07-01 16:15:00,22.39,21.53,21.21,20.79,20.57,20.14,20.05,20.02,19.65,17.56,15.44,15.08,14.67,14.01,689,201507,37.3,29.9,24.4,6,5.2,2.3,-1.9
2019-07-01 16:30:00,22.45,21.59,21.24,20.8,20.62,20.17,20.06,20.03,19.75,17.7,15.46,15.09,14.63,13.99,619,203007,39.3,29.9,24.2,357,4.7,1.5,-1.2
2019-07-01 16:45:00,22.42,21.6,21.24,20.81,20.61,20.14,20.06,20.02,19.75,18.17,15.49,15.11,14.66,13.93,616,204507,34.4,29.9,24.2,3,3.4,2.2,-1.6
2019-07-01 17:00:00,22.39,21.55,21.22,20.79,20.6,20.13,20.05,20.01,19.79,17.83,15.4,15.1,14.62,13.84,471,210007,34.3,29.9,24.1,6,3.6,1.5,-1.9
2019-07-01 17:15:00,22.32,21.55,21.21,20.79,20.59,20.13,20.05,20.01,19.81,17.97,15.49,15.12,14.64,13.8,511,211507,34,29.9,24.4,354,2.2,1.3,-0.7
2019-07-01 17:30:00,22.33,21.57,21.22,20.87,20.64,20.22,20.05,19.99,19.85,18.07,15.53,15.12,14.71,13.78,466,213007,31.9,29.9,24.7,340,2.1,0.8,-0.6
2019-07-01 17:45:00,22.2,21.57,21.2,20.89,20.67,20.31,20.05,19.97,19.87,17.98,15.56,15.13,14.67,13.69,391,214507,35.7,29.9,24.4,352,2.5,1.3,-0.9
2019-07-01 18:00:00,22.18,21.53,21.17,20.88,20.67,20.37,20.07,19.97,19.87,18,15.66,15.16,14.68,13.71,366,220007,31.6,29.9,24.3,5,4.1,1.5,-0.5
2019-07-01 18:15:00,22.12,21.49,21.15,20.85,20.66,20.32,20.07,19.97,19.89,18.06,15.58,15.14,14.59,13.74,292,221507,34.1,29.9,24.1,356,3.3,1,-0.7
2019-07-01 18:30:00,22.44,21.46,21.14,20.84,20.71,20.45,20.09,20,19.88,18.09,15.74,15.19,14.68,13.8,253,223007,36.5,29.9,23.9,6,3.2,0.8,-1
2019-07-01 18:45:00,22.35,21.42,21.12,20.8,20.62,20.45,20.1,20,19.9,18.19,15.7,15.19,14.62,13.83,70,224507,35.5,29.9,23.3,344,4,0.1,-1.5
2019-07-01 19:00:00,21.99,21.36,21.11,20.79,20.63,20.45,20.1,20.01,19.89,18.31,16.03,15.18,14.65,13.89,163,230007,37.7,29.9,23,357,3.3,0.5,-0.7
2019-07-01 19:15:00,22.13,21.32,21.1,20.77,20.58,20.37,20.12,20.03,19.91,18.46,16.19,15.14,14.64,13.93,154,231507,32.1,29.9,23.2,354,3.1,0.1,-1.6
2019-07-01 19:30:00,21.8,21.32,21.08,20.78,20.54,20.37,20.22,20.06,19.89,18.58,16.13,15.07,14.58,13.99,101,233007,34.7,29.9,23.3,320,2.2,1.3,-0.5
2019-07-01 19:45:00,21.7,21.25,21.05,20.78,20.54,20.35,20.24,20.03,19.74,18.62,15.72,14.98,14.49,14.01,96,234507,37.7,29.9,23,287,3.5,1.7,-0.9
2019-07-01 20:00:00,21.72,21.27,21.05,20.78,20.55,20.35,20.25,20.04,19.53,18.66,15.55,14.92,14.45,13.94,58,7,36.4,29.9,22.4,289,5.3,1,-0.5
2019-07-01 20:15:00,21.92,21.32,21.05,20.77,20.55,20.33,20.27,20.06,19.16,18.66,15.36,14.77,14.2,13.75,16,1507,36.8,29.9,21.5,281,4.4,-0.5,-1.2
2019-07-01 20:30:00,21.79,21.33,21.04,20.8,20.61,20.35,20.27,20.09,19.8,18.83,15.58,14.87,14.26,13.69,5,3007,34.1,29.9,21.2,301,3.4,1,0.2
2019-07-01 20:45:00,21.8,21.33,21.02,20.79,20.61,20.35,20.26,20.07,18.97,17.76,15.13,14.55,14.12,13.44,1,4507,38,29.9,21.2,305,3,1.8,-0.8
2019-07-01 21:00:00,22.25,21.36,21.03,20.82,20.68,20.39,20.27,20.14,19.03,17.82,15.15,14.57,14.08,13.45,0,10007,32.3,29.9,21,317,4.6,1.5,-1.2
2019-07-01 21:15:00,22.87,22.03,21.27,20.97,20.82,20.67,20.39,20.23,19.21,17.16,14.94,14.3,13.75,13.36,0,11507,34.2,29.9,20.7,320,2.9,1.1,-0.6
2019-07-01 21:30:00,22.85,21.62,21.21,20.96,20.8,20.63,20.39,20.21,19.15,17.75,14.93,14.29,13.65,13.39,0,13007,32.8,29.9,20.8,336,3.6,0.6,-1.1
2019-07-01 21:45:00,23.08,21.74,21.28,20.98,20.83,20.67,20.37,20.07,19.12,18.23,14.92,14.29,13.64,13.43,0,14507,31.1,29.9,20.8,324,4.1,0.7,-0.1
2019-07-01 22:00:00,23.04,22.61,21.7,21.34,21.07,20.8,20.3,19.76,18.97,17.73,15.05,14.35,13.76,13.49,0,20007,32.6,29.9,21.1,331,4.5,0.4,-1.7
2019-07-01 22:15:00,23.06,22.15,21.83,21.47,21.25,20.77,20.2,19.37,17.25,15.52,15.35,15.22,14.81,14.28,0,21507,33.8,29.9,21.1,6,3.6,1.2,-1.1
2019-07-01 22:30:00,22.98,22.21,21.83,21.49,20.99,20.68,20.2,19.66,18.45,15.94,15.26,14.78,14.37,14.02,0,23007,33,29.9,21.2,7,4.6,1.6,-1.3
2019-07-01 22:45:00,22.88,22.09,21.58,20.95,20.78,20.43,20.14,19.55,18.48,16.59,15.18,14.99,14.39,13.88,0,24507,32.1,29.9,21.2,72,1.3,2,-0.7
2019-07-01 23:00:00,22.83,22.14,21.54,20.89,20.72,20.29,20.1,19.58,18.59,17.09,15.47,14.87,14.22,13.77,0,30007,29.9,29.9,21.4,10,4.5,0.6,-1.7
2019-07-01 23:15:00,22.86,22.23,21.5,20.85,20.5,20.14,20.03,19.5,18.2,17.14,15.41,14.96,14.26,13.73,0,31507,34.1,29.9,21.6,277,1.9,1.6,-0.8
2019-07-01 23:30:00,22.89,22.55,21.86,20.85,20.4,20.12,20.03,19.63,19.24,17.24,15.28,14.98,14.32,13.89,0,33007,33.6,29.9,21.3,65,4.6,1.1,-1.9
2019-07-01 23:45:00,22.9,22.24,21.27,20.82,20.43,20.15,20.05,19.63,19.41,17.45,15.39,14.9,14.36,13.96,0,34507,35,29.9,20.8,151,4.7,0.9,-1.8
2019-07-02 00:00:00,22.92,22.17,21.11,20.81,20.46,20.14,20.02,19.63,19.45,17.39,15.38,15.04,14.49,14.11,0,40007,33.5,29.9,20.6,159,2.9,-0.1,-2.9
2019-07-02 00:15:00,22.96,22.21,21.18,20.88,20.58,20.23,20.01,19.77,19.49,16.91,15.38,14.84,14.44,14.09,0,41507,30.3,29.9,20.6,223,4.7,-0.1,-0.8
2019-07-02 00:30:00,22.96,22.12,21.06,20.74,20.51,20.3,20,19.81,19.5,16.44,15.39,14.85,14.5,14.12,0,43007,32,29.9,20.8,206,6.9,0.1,-0.7
2019-07-02 00:45:00,22.94,22.11,21,20.68,20.49,20.35,20.02,19.82,19.51,16.62,15.35,14.79,14.47,14.03,0,44507,33.5,29.9,21.3,205,7.7,0.7,-1.2
2019-07-02 01:00:00,22.91,22.38,21.06,20.68,20.5,20.32,20.07,19.82,19.53,16.68,15.51,14.77,14.47,13.97,0,50007,32.4,29.9,21.2,179,7.9,0.1,-0.2
2019-07-02 01:15:00,22.9,22.48,21.1,20.7,20.56,20.33,20.03,19.8,19.49,17.28,15.66,14.98,14.57,14.22,0,51507,33.7,29.9,20.7,184,7.3,0.8,-1.2
2019-07-02 01:30:00,22.89,22.71,21.17,20.82,20.61,20.43,20.1,19.82,19.56,17.01,15.9,15.03,14.59,14.22,0,53007,29.2,29.9,20.6,266,3,0.8,0.3
2019-07-02 01:45:00,22.89,22.54,21.07,20.86,20.61,20.37,20.09,19.77,19.42,16.67,15.65,14.99,14.59,14.18,0,54507,31.8,29.9,19.9,300,3.8,0.4,-0.6
2019-07-02 02:00:00,22.91,22.32,21.02,20.74,20.58,20.32,20.09,19.69,19.4,16.89,15.69,14.95,14.55,14.19,0,60007,34.2,29.9,19.7,355,1.8,1.7,-0.3
2019-07-02 02:15:00,22.95,22.5,21.03,20.78,20.63,20.34,20.11,19.71,19.11,16.79,15.61,14.79,14.52,13.92,1,61507,33.3,29.9,19.8,338,2.4,0.4,-0.8
2019-07-02 02:30:00,22.99,22.57,21.07,20.85,20.69,20.35,20.12,19.73,18.99,16.79,15.64,14.82,14.52,13.9,1,63007,32.8,29.9,19.2,288,4.4,0.8,-0.6
2019-07-02 02:45:00,22.98,22.44,21.02,20.79,20.61,20.31,20.12,19.73,18.73,16.86,15.59,14.78,14.48,13.91,1,64507,28.7,29.8,19.1,292,2.4,1.8,-1
2019-07-02 03:00:00,22.98,22.39,21.05,20.82,20.57,20.28,20.09,19.74,17.8,16.72,15.49,14.81,14.45,13.95,1,70007,29.8,29.9,18.9,292,2,0.2,-1.3
2019-07-02 03:15:00,22.98,22.2,20.99,20.79,20.59,20.26,20.11,19.75,17.95,17.05,15.69,14.98,14.53,14.12,1,71507,33.9,29.9,18.9,332,1.2,1.1,-0.6
2019-07-02 03:30:00,22.98,22.23,20.99,20.79,20.6,20.26,20.1,19.75,18.13,16.79,15.56,14.84,14.53,14.19,1,73007,36.7,29.9,19,123,5.1,0.3,-1
2019-07-02 03:45:00,22.99,22.28,20.99,20.81,20.61,20.26,20.1,19.75,18.13,16.55,15.21,14.82,14.54,14,1,74507,34,29.9,18.9,135,4.7,1,-1.3
2019-07-02 04:00:00,22.97,22.38,21,20.83,20.68,20.29,20.1,19.76,18.19,16.57,15.01,14.84,14.52,13.65,1,80007,33.4,29.8,18.5,149,6.4,1.3,-1.1
2019-07-02 04:15:00,22.95,22.35,21,20.82,20.66,20.25,20.08,19.78,18.19,16.34,14.97,14.79,14.35,13.61,1,81507,36.3,29.9,18.4,121,5.8,1.6,-0.8
2019-07-02 04:30:00,22.92,22.3,21.02,20.85,20.7,20.26,20.09,19.8,18.22,16.51,14.94,14.78,14.31,13.62,1,83007,37.4,29.9,18.5,97,2.3,0.4,-0.3
2019-07-02 04:45:00,22.92,22.26,21.02,20.86,20.68,20.23,20.08,19.79,18.28,16.56,14.9,14.62,14.27,13.67,1,84507,36.4,29.9,18.4,139,6.4,0.7,-1.5
2019-07-02 05:00:00,22.84,22.2,21,20.87,20.61,20.19,20.04,19.76,18.26,16.6,14.91,14.62,14.25,13.78,1,90007,35,29.9,18.4,132,5.1,0.3,-1.2
2019-07-02 05:15:00,22.78,21.41,21,20.86,20.54,20.19,20,19.72,18.22,16.23,14.87,14.61,14.43,13.79,2,91507,32,29.9,18.4,152,3.9,0.9,-1
2019-07-02 05:30:00,22.82,22.45,21.02,20.88,20.5,20.19,20,19.69,18.15,16.14,14.9,14.62,14.39,13.81,9,93007,34.8,29.9,18.5,159,5,-1.8,-2.8
2019-07-02 05:45:00,22.79,22.44,21.05,20.89,20.43,20.19,19.96,19.57,18.12,15.52,14.85,14.61,14.37,13.89,16,94507,34.9,29.9,18.3,141,5.3,1.9,0.5
2019-07-02 06:00:00,22.76,22.3,21.08,20.87,20.34,20.19,19.95,19.58,18.27,15.37,14.86,14.62,14.37,13.79,44,100007,32.7,29.9,18.1,138,4.7,0.1,-1
2019-07-02 06:15:00,22.73,22.41,21.09,20.89,20.31,20.19,19.91,19.48,17.99,15.38,14.88,14.64,14.22,13.66,82,101507,32.9,29.9,18.1,153,4.7,0.4,-1.1
2019-07-02 06:30:00,22.7,22.61,21.12,20.88,20.2,20.14,19.78,18.61,17.46,16.59,14.92,14.7,14.15,13.7,115,103007,26.9,29.8,18.4,172,3.3,0.8,-1
2019-07-02 06:45:00,22.69,22.57,21.12,20.78,20.17,20.1,19.77,18.67,17.87,16.36,14.86,14.52,13.79,13.61,81,104507,33.5,29.9,18.7,181,7.2,0.5,-1.2
2019-07-02 07:00:00,22.67,22.48,21.15,20.91,20.3,20.16,19.76,18.57,17.72,15.79,14.88,14.56,13.76,13.59,131,110007,31.9,29.9,18.9,183,7.5,0.7,-1.2
2019-07-02 07:15:00,22.67,22.52,21.17,20.89,20.25,20.14,19.76,18.63,17.49,15.5,14.87,14.59,13.8,13.59,144,111507,34,29.9,20.5,174,7.8,0.6,-1.1
2019-07-02 07:30:00,22.61,22.48,21.19,20.91,20.32,20.17,19.8,18.76,17.22,15.09,14.86,14.56,13.82,13.59,172,113007,34.6,29.9,19.9,158,6,-0.2,-1.2
2019-07-02 07:45:00,22.58,22.44,21.22,20.9,20.34,20.16,19.82,18.94,17.34,15.02,14.8,14.28,13.72,13.56,117,114507,30.7,29.9,19.6,140,7.3,0,-1.3
2019-07-02 08:00:00,22.55,22.43,21.21,20.86,20.31,20.15,19.82,18.99,17.67,15.12,14.87,14.43,13.81,13.6,560,120007,37.2,29.9,19.6,143,6.7,0.4,-2.1
2019-07-02 08:15:00,22.59,22.41,21.22,20.83,20.29,20.12,19.85,19.25,17.56,15.32,14.9,14.55,13.87,13.61,655,121507,35,29.9,20.9,165,8.5,0.3,-1
2019-07-02 08:30:00,22.53,22.37,21.16,20.79,20.3,20.15,19.9,19.39,17.58,15.15,14.91,14.51,13.86,13.64,233,123007,36.3,29.9,19.9,167,8.5,-3.9,-1.3
2019-07-02 08:45:00,22.38,22.25,21.19,20.78,20.29,20.11,19.92,19.43,17.95,15.45,14.93,14.71,13.91,13.63,230,124507,35.4,29.9,20,177,9.6,-0.3,-1.2
2019-07-02 09:00:00,22.12,21.95,21.19,20.8,20.31,20.16,19.95,19.63,17.9,15.36,14.91,14.8,13.99,13.73,579,130007,31.1,29.9,20.1,166,10.9,-4.8,2.5
2019-07-02 09:15:00,21.97,21.76,21.14,20.7,20.28,20.14,19.95,19.62,17.89,15.42,14.95,14.77,14.24,13.76,428,131507,33.1,29.8,20.2,173,8.4,-1.1,-0.8
2019-07-02 09:30:00,21.83,21.74,21.47,20.78,20.31,20.16,19.98,19.61,17.97,15.5,15,14.78,14.37,13.8,913,133007,34.3,29.8,20.5,171,10.7,-0.8,-1
2019-07-02 09:45:00,21.82,21.76,21.51,20.77,20.31,20.15,20,19.68,18.17,15.57,15.01,14.78,14.26,13.82,803,134507,30.1,29.8,21.1,161,6.9,-1.3,-0.5
2019-07-02 10:00:00,21.86,21.7,21.54,21.08,20.59,20.22,19.91,19.55,18.31,15.55,15.06,14.82,14.52,13.83,706,140007,32.1,29.8,21.8,189,4.7,-1.8,-1.1
2019-07-02 10:15:00,21.79,21.67,21.42,20.78,20.4,20.22,20.04,19.5,18.28,15.58,15.13,14.89,14.57,13.75,763,141507,30.5,29.8,21.9,172,5.2,-1.4,1
2019-07-02 10:30:00,21.95,21.74,21.49,21.04,20.38,20.21,20.01,19.42,18.4,15.58,15.16,14.84,14.52,13.84,771,143007,34.9,29.8,22.1,162,5.2,0.4,-1.5
2019-07-02 10:45:00,22.11,21.81,21.59,21.24,20.47,20.24,20.06,19.24,17.89,15.5,15.19,14.81,14.36,13.76,807,144507,29.9,29.8,22.1,112,6.2,-0.3,-2.5
2019-07-02 11:00:00,22.27,21.86,21.56,21.22,20.49,20.25,20.04,19.31,17.97,15.48,15.2,14.82,14.39,13.85,824,150007,32,29.8,22.2,111,7.9,0.5,-1.5
2019-07-02 11:15:00,22.37,21.92,21.54,21.18,20.42,20.25,20.06,19.12,18.04,15.51,15.16,14.83,14.46,13.93,845,151507,34.9,29.8,22.7,135,5.6,-0.9,-3.2
2019-07-02 11:30:00,22.46,21.96,21.55,21.19,20.47,20.27,20.1,19.11,18.26,15.64,15.25,14.91,14.57,14.01,870,153007,34.9,29.8,23,133,6.3,0,-1.3
2019-07-02 11:45:00,22.69,21.98,21.54,21.05,20.43,20.28,20.1,19.47,18.16,15.55,15.19,14.87,14.52,13.95,880,154507,35.9,29.8,23.1,145,6.9,1.1,-2
2019-07-02 12:00:00,22.76,22.18,21.54,20.95,20.34,20.27,20.11,19.61,17.95,15.55,15.17,14.85,14.39,13.92,887,160007,36.6,29.8,23.2,175,7,1.7,-1
2019-07-02 12:15:00,23.04,22.24,21.51,20.83,20.29,20.21,20.08,19.53,17.72,15.54,15.18,14.89,14.25,13.88,908,161507,35,29.8,23.6,173,4.6,-0.1,-1
2019-07-02 12:30:00,23.26,22.19,21.55,20.94,20.3,20.18,20.02,19.52,17.27,15.51,15.21,14.96,14.23,13.88,912,163007,33.6,29.8,23.7,172,7.2,0.2,0.5
2019-07-02 12:45:00,23.38,22.53,21.59,20.94,20.31,20.19,20,19.47,16.53,15.51,15.22,15.01,14.17,13.9,909,164507,32.4,29.8,23.7,185,8.4,-0.7,0.2
2019-07-02 13:00:00,23.37,22.33,21.57,20.84,20.32,20.18,20.04,19.23,16.73,15.51,15.19,14.95,14.04,13.85,915,170007,36.4,29.8,23.8,201,5.6,0,0.3
2019-07-02 13:15:00,23.35,22.8,21.67,20.86,20.33,20.16,20.06,19.17,15.72,15.49,15.18,14.8,13.96,13.76,923,171507,35.7,29.8,24.1,191,4.3,0.1,-0.2
2019-07-02 13:30:00,23.34,22.69,21.93,21.18,20.36,20.19,20.03,19.25,15.75,15.51,15.16,14.64,13.92,13.76,905,173007,32.1,29.8,24.7,202,3.2,-1,-1.8
2019-07-02 13:45:00,23.27,22.61,21.93,21.14,20.38,20.17,19.98,19.13,16.69,15.59,15.21,14.67,13.94,13.73,937,174507,34.2,29.8,25.2,212,2.1,1.1,-0.4
2019-07-02 14:00:00,23.32,22.39,21.85,21.06,20.41,20.18,20.01,19.06,16.52,15.64,15.26,14.72,14.01,13.74,946,180007,32.8,29.8,25.6,276,2.4,0.3,-0.8
2019-07-02 14:15:00,23.29,22.32,21.8,20.8,20.42,20.18,20.06,19.18,16.48,15.64,15.27,14.71,14.03,13.68,268,181507,35.1,29.8,25.8,257,2.5,1.5,-1.2
2019-07-02 14:30:00,23.46,22.45,21.79,20.95,20.44,20.19,20.05,19.15,16.25,15.64,15.26,14.51,14.01,13.65,952,183007,36.7,29.8,25.6,237,3.1,1.5,-1.2
2019-07-02 14:45:00,23.47,22.6,21.8,21.1,20.44,20.18,20.06,19.32,16.15,15.63,15.2,14.42,13.95,13.64,881,184507,35.3,29.8,25.2,233,3.4,1.1,-0.7
2019-07-02 15:00:00,23.46,22.51,21.79,21.01,20.45,20.2,20.04,19.32,15.88,15.6,15.19,14.33,13.8,13.62,809,190007,34.5,29.8,25,202,5.2,0,-0.5
2019-07-02 15:15:00,23.63,22.41,21.73,20.75,20.48,20.19,20.01,18.98,15.77,15.53,15.07,14.28,13.64,13.62,782,191507,31.9,29.8,24.9,197,6.3,1,-0.7
2019-07-02 15:30:00,23.44,22.26,21.75,20.85,20.51,20.19,19.95,18.75,15.79,15.55,14.99,14.21,13.65,13.63,764,193007,36,29.8,24.9,209,4.6,0.9,-1
2019-07-02 15:45:00,23.34,22.17,21.73,20.75,20.53,20.18,19.9,18.64,15.81,15.52,15.06,14.25,13.69,13.62,349,194507,35.6,29.8,24.9,181,6.8,1.6,-0.7
2019-07-02 16:00:00,23.38,22.22,21.74,20.74,20.62,20.24,19.92,18.54,15.82,15.52,15.14,14.4,13.8,13.62,73,200007,35.4,29.8,24.6,192,3.8,1,0.1
2019-07-02 16:15:00,23.27,22.15,21.71,20.85,20.64,20.21,19.85,18.51,15.83,15.54,15.17,14.42,13.85,13.59,173,201507,35.8,29.8,22.4,275,3.9,-2.4,-0.8
2019-07-02 16:30:00,23.11,21.96,21.64,20.69,20.6,20.2,19.8,18.62,15.85,15.57,15.12,14.29,13.79,13.52,351,203007,33.3,29.8,21.9,332,1.2,0.6,-1
2019-07-02 16:45:00,22.97,21.85,21.44,20.72,20.58,20.2,19.82,18.77,15.93,15.69,15.27,14.42,13.83,13.52,169,204507,35.5,29.8,22,305,5.3,2,-0.4
2019-07-02 17:00:00,23.04,21.83,21.39,20.75,20.54,20.16,19.75,18.75,15.87,15.64,15.2,14.35,13.79,13.42,601,210007,34.7,29.8,22.5,293,3.8,0.8,0.3
2019-07-02 17:15:00,22.93,21.8,21.01,20.77,20.5,20.08,19.65,18.79,15.87,15.66,15.15,14.39,13.82,13.46,83,211507,32.4,29.8,22.2,310,4.9,0.1,-1.5
2019-07-02 17:30:00,22.58,21.79,21.09,20.79,20.45,20.08,19.64,18.94,15.9,15.56,15.05,14.08,13.79,13.49,183,213007,34,29.8,22.2,293,4.8,0.8,-0.4
2019-07-02 17:45:00,22.79,21.76,21.06,20.83,20.49,20.14,19.65,18.88,15.86,15.46,15.05,14.19,13.85,13.54,395,214507,33,29.8,23,309,2.7,0.5,-1.2
2019-07-02 18:00:00,22.86,21.68,21.06,20.88,20.47,20.11,19.53,18.76,15.88,15.6,15.2,14.22,13.9,13.59,394,220007,35.2,29.8,23.5,295,3.6,0.8,-1
2019-07-02 18:15:00,22.69,21.7,21.13,20.87,20.4,20.12,19.52,18.61,15.98,15.56,14.94,14.39,13.9,13.7,314,221507,33.8,29.8,23.9,309,2.7,1.5,-0.1
2019-07-02 18:30:00,22.57,21.6,21.17,20.82,20.32,20.11,19.51,18.44,16.14,15.6,15.04,14.6,13.94,13.75,285,223007,34.6,29.8,24.3,299,2.2,1,-0.6
2019-07-02 18:45:00,22.59,21.42,21.19,20.75,20.32,20.08,19.48,18.26,15.86,15.62,15.09,14.39,14.03,13.82,240,224507,34.5,29.8,24.5,252,3.5,1.3,-0.6
2019-07-02 19:00:00,22.69,21.41,21.21,20.69,20.28,20.04,19.38,17.73,15.8,15.52,15.04,14.39,14.09,13.85,193,230007,30.6,29.8,23.9,231,1.2,1,-0.6
2019-07-02 19:15:00,22.62,21.39,21.15,20.48,20.24,19.95,19.3,17.68,15.79,15.54,15,14.37,14.11,13.66,140,231507,35.5,29.8,23.3,289,4.9,1.3,-0.6
2019-07-02 19:30:00,22.57,21.42,21.22,20.64,20.29,20,19.16,17.62,15.81,15.61,15.02,14.41,14.09,13.8,97,233007,36.8,29.8,22.7,293,5.5,1.6,-0.8
2019-07-02 19:45:00,22.41,21.53,21.3,20.74,20.29,20.08,19.06,17.54,15.93,15.67,15,14.42,13.99,13.76,48,234507,36.5,29.8,22,297,5.4,0.8,-0.4
2019-07-02 20:00:00,22.49,21.65,21.38,20.75,20.29,20.07,18.84,17.06,16.04,15.71,15.02,14.46,14.06,13.7,32,7,35.9,29.8,21.2,300,6.9,1,0
2019-07-02 20:15:00,22.43,21.81,21.4,20.76,20.32,20.09,19.09,17.43,16.15,15.62,15.04,14.57,14.14,13.74,17,1507,30.3,29.8,20.8,296,6.4,1.7,0
2019-07-02 20:30:00,22.34,22.11,21.42,20.67,20.27,20.08,19.03,17.71,16.16,15.53,15.1,14.63,14.15,13.74,9,3007,32.6,29.8,20.5,298,6.2,2.3,0.6
2019-07-02 20:45:00,22.29,22.03,21.48,20.74,20.31,20.17,19.1,17.57,15.98,15.49,15.15,14.65,14.26,13.7,3,4507,34.8,29.8,20.3,295,5.9,1.6,-0.2
2019-07-02 21:00:00,22.27,22.22,21.53,20.76,20.27,20.13,19.05,17.29,16.07,15.6,15.18,14.6,14.25,13.61,1,10007,33,29.8,20.1,294,6.5,1.6,-0.2
2019-07-02 21:15:00,22.26,22.21,21.6,20.97,20.34,20.17,19.11,17.77,15.86,15.48,15.16,14.78,14.34,13.63,0,11507,32.1,29.8,19.9,294,6.3,4.4,3.5
2019-07-02 21:30:00,22.23,22.22,21.74,21,20.34,20.11,18.98,17.6,15.88,15.52,15.18,14.77,14.29,13.61,0,13007,31.6,29.8,19.9,287,4.2,0.9,-0.8
2019-07-02 21:45:00,22.26,22.24,21.86,21.07,20.34,19.91,18.88,17.16,16.07,15.58,15.03,14.78,14.2,13.65,0,14507,34.8,29.8,19.7,288,3,0.3,-1
2019-07-02 22:00:00,22.3,22.27,22.01,21.27,20.4,19.71,18.67,17.3,15.95,15.47,14.91,14.59,13.89,13.63,0,20007,32.8,29.8,19.6,287,3.8,0.8,-0.5
2019-07-02 22:15:00,22.36,22.31,21.71,21.18,20.4,19.71,18.52,17.56,15.89,15.15,14.74,14.28,13.79,13.65,0,21507,32.6,29.8,19.5,315,2.1,1.1,-0.6
2019-07-02 22:30:00,22.39,22.36,21.8,21.04,20.35,19.74,18.36,17.74,15.92,15.14,14.72,14.25,13.76,13.71,1,23007,34.2,29.8,19.3,303,2.3,0.8,-0.6
2019-07-02 22:45:00,22.47,22.42,21.68,21.03,20.35,19.86,18.33,17.69,15.93,15.15,14.73,14.23,13.84,13.73,0,24507,26.6,29.8,19.2,262,2,0.5,-1.2
2019-07-02 23:00:00,22.54,22.49,21.94,21.25,20.39,19.8,18.34,17.51,15.78,15.19,14.76,14.43,13.92,13.79,1,30007,31.9,29.8,18.9,290,1.9,0.7,-0.8
2019-07-02 23:15:00,22.57,22.54,21.99,21.3,20.4,19.77,18.23,17.3,15.69,15.2,14.89,14.46,13.94,13.85,1,31507,33.7,29.8,18.8,332,1.6,0.8,-0.6
2019-07-02 23:30:00,22.63,22.59,22.02,21.25,20.33,19.73,18.17,17.05,15.64,15.25,14.86,14.34,13.96,13.86,1,33007,34,29.8,18.9,282,2.1,1.1,-0.8
2019-07-02 23:45:00,22.67,22.64,21.99,21.16,20.31,19.63,18.18,16.81,15.58,15.22,14.76,14.3,13.96,13.85,1,34507,32.7,29.8,18.8,307,2.5,1,-0.8
2019-07-03 00:00:00,22.72,22.7,21.8,21,20.24,19.67,18.21,16.9,15.58,15.13,14.78,14.49,13.98,13.89,1,40007,26.1,29.8,18.7,11,1.3,0.3,-1.2
2019-07-03 00:15:00,22.76,22.74,22.03,20.95,20.22,19.41,18.15,16.83,15.58,15.07,14.81,14.51,13.95,13.9,1,41507,34.2,29.9,19,134,2.6,0.9,-1
2019-07-03 00:30:00,22.82,22.79,21.73,20.68,20.1,19.28,18.16,16.73,15.5,15.11,14.87,14.68,13.96,13.9,1,43007,32.6,29.9,19.1,288,3.2,1.2,-0.4
2019-07-03 00:45:00,22.9,22.89,22.21,20.92,20.08,19.45,18.16,16.69,15.46,15.15,14.95,14.54,13.98,13.91,1,44507,35.7,29.9,18.4,308,3.1,0.5,-1.2
2019-07-03 01:00:00,22.98,22.95,21.78,20.65,20.12,19.18,18.11,16.52,15.39,15.13,14.97,14.52,14,13.9,1,50007,30.7,29.8,18.3,335,3.4,0.4,-1.3
2019-07-03 01:15:00,23.38,23.03,22.22,20.74,20.09,18.94,17.98,16.15,15.32,15.18,15.02,14.72,14.04,13.95,1,51507,31.3,29.9,18,311,3.4,1.3,-0.4
2019-07-03 01:30:00,23.46,23.05,21.81,20.72,20.06,19.02,18.07,16.74,15.79,15.25,15.06,14.91,14.22,14.01,1,53007,34.1,29.9,17.9,297,3.9,0.8,-1.4
2019-07-03 01:45:00,23.48,23.09,21.8,20.63,20.01,18.95,18.04,17.08,16.02,15.32,15.11,14.89,14.3,14.04,1,54507,33.3,29.9,18.1,303,3.2,1.2,-0.5
2019-07-03 02:00:00,23.49,23,21.71,20.56,19.96,18.71,17.99,17.1,16.52,15.84,15.25,15.01,14.45,14.1,1,60007,32.7,29.9,18.4,304,2.8,0.6,-0.4
2019-07-03 02:15:00,23.52,22.77,21.54,20.33,19.8,18.58,18.14,17.23,16.41,15.55,15.22,15.01,14.44,14.15,1,61507,30.8,29.9,18.3,328,2,0.2,-0.6
2019-07-03 02:30:00,23.54,23.15,21.87,20.53,19.92,18.71,18.2,17.44,16.41,15.41,15.14,14.87,14.44,14.19,1,63007,29.1,29.8,18.1,346,1.5,1.1,-0.5
2019-07-03 02:45:00,23.53,22.81,21.51,20.34,19.8,18.65,18.14,17.62,16.35,15.33,15.12,14.67,14.4,14.11,1,64507,31.2,29.9,17.8,307,3.7,0.9,-0.4
2019-07-03 03:00:00,23.49,22.69,21.43,20.3,19.75,18.65,18.18,17.76,16.52,15.37,15.14,14.66,14.34,13.97,1,70007,32.5,29.9,17.8,289,2.3,1,-0.5
2019-07-03 03:15:00,23.47,22.51,21.37,20.22,19.73,18.66,18.26,17.68,16.43,15.35,15.15,14.62,14.28,13.89,1,71507,32.5,29.9,17.8,295,4.2,1.1,-0.5
2019-07-03 03:30:00,23.43,22.52,21.31,20.22,19.7,18.62,18.36,17.53,16.3,15.33,15.11,14.52,14.2,13.83,1,73007,35.2,29.9,17.8,336,0.6,1.3,-0.3
2019-07-03 03:45:00,23.41,22.46,21.33,20.23,19.75,18.66,18.42,17.47,16.33,15.4,15.09,14.43,14.1,13.81,1,74507,31,29.9,17.5,292,2.3,0.6,-0.4
2019-07-03 04:00:00,23.36,22.4,21.27,20.24,19.74,18.7,18.47,17.38,16.26,15.47,15.13,14.43,14.03,13.76,1,80007,34.2,29.9,17.5,294,3.1,1,0
2019-07-03 04:15:00,23.37,22.38,21.29,20.26,19.77,18.72,18.51,17.2,16.08,15.34,15.1,14.42,13.98,13.75,1,81507,36.3,29.9,17.3,308,4.5,1.2,0
2019-07-03 04:30:00,23.3,22.39,21.37,20.36,19.82,18.86,18.55,17.21,16.04,15.37,15.04,14.43,13.92,13.73,1,83007,39.8,29.9,17.1,300,3.8,0.7,-1.5
2019-07-03 04:45:00,23.24,22.46,21.42,20.42,19.93,18.91,18.6,17.2,15.97,15.35,14.96,14.42,13.86,13.7,1,84507,35.4,29.9,17.1,285,2.8,0.8,-1
2019-07-03 05:00:00,23.15,22.45,21.44,20.51,19.95,19.07,18.67,17.14,15.93,15.35,15.01,14.4,13.86,13.69,2,90007,33.5,29.9,17,292,3.6,0.8,-0.4
2019-07-03 05:15:00,23.08,22.4,21.42,20.5,19.84,19.07,18.71,17.05,15.8,15.36,15.08,14.44,13.87,13.67,5,91507,34.8,29.9,17,319,2.5,1.6,-0.2
2019-07-03 05:30:00,23.02,22.42,21.41,20.45,19.63,19.15,18.72,16.97,15.75,15.38,15.14,14.51,13.88,13.66,14,93007,34.6,29.9,17.1,289,3.5,1.3,-0.7
2019-07-03 05:45:00,22.96,22.43,21.43,20.41,19.59,19.21,18.73,16.94,15.73,15.44,15.21,14.75,13.98,13.65,33,94507,35.2,29.9,17.6,282,3.4,0.6,-0.5
2019-07-03 06:00:00,22.92,22.39,21.45,20.53,19.66,19.28,18.71,16.96,15.85,15.46,15.22,14.77,13.95,13.63,59,100007,35.3,29.9,18.4,205,1.3,0.6,-0.8
2019-07-03 06:15:00,22.89,22.34,21.45,20.57,19.69,19.35,18.69,16.9,15.8,15.46,15.23,14.82,13.99,13.63,84,101507,26.8,29.9,19.5,77,0.9,0.8,-1.2
2019-07-03 06:30:00,22.87,22.34,21.44,20.57,19.66,19.44,18.69,16.87,15.76,15.43,15.24,14.76,13.93,13.61,54,103007,31.2,29.9,19.4,290,1.2,0.5,-1.2
2019-07-03 06:45:00,22.86,22.54,21.55,20.63,19.72,19.48,18.64,16.83,15.78,15.38,15.23,14.7,13.98,13.6,157,104507,28.1,29.9,18.4,303,3,1,-0.8
2019-07-03 07:00:00,22.91,22.66,21.64,20.59,19.84,19.55,18.55,16.73,15.74,15.34,15.24,14.78,14.09,13.62,199,110007,30.3,29.9,20,317,0.7,0.4,-0.8
2019-07-03 07:15:00,22.9,22.86,21.69,20.52,19.88,19.6,18.52,16.53,15.61,15.31,15.23,14.76,14.14,13.62,246,111507,30.6,29.9,20.6,336,1.3,1,-1
2019-07-03 07:30:00,22.91,22.87,21.67,20.57,19.91,19.66,18.45,16.53,15.59,15.27,15.21,14.79,14.16,13.64,287,113007,30.6,29.9,21,172,3.2,1,-1
2019-07-03 07:45:00,22.96,22.89,21.65,20.53,19.95,19.67,18.11,16.39,15.61,15.25,15.19,14.82,14.22,13.66,333,114507,37.7,29.9,21.1,150,3.1,0.3,-1.2
2019-07-03 08:00:00,23.05,22.93,21.49,20.43,19.94,19.7,18.01,16.42,15.71,15.24,15.19,14.88,14.27,13.67,378,120007,37.6,29.9,21.4,169,2.1,1.1,-0.6
2019-07-03 08:15:00,23.14,22.95,21.31,20.35,19.88,19.69,18.01,16.47,15.63,15.23,15.18,14.87,14.32,13.8,426,121507,35.1,29.9,22,176,2.4,0.3,-1.5
2019-07-03 08:30:00,23.24,22.94,21.1,20.26,19.86,19.65,17.85,16.41,15.61,15.22,15.16,14.83,14.28,13.81,465,123007,35.5,29.9,22.7,134,1.6,1,-1
2019-07-03 08:45:00,23.34,22.91,20.98,20.22,19.86,19.41,17.74,16.41,15.57,15.21,15.13,14.78,14.22,13.81,510,124507,32,29.9,23.2,172,2,3.4,0.8
2019-07-03 09:00:00,23.4,22.68,20.95,20.19,19.86,19,17.72,16.5,15.62,15.2,15.14,14.82,14.2,13.8,547,130006,33.5,29.9,23.4,230,2.7,1,-0.7
2019-07-03 09:15:00,23.48,22.39,20.84,20.14,19.85,18.69,17.7,16.7,15.73,15.2,15.15,14.86,14.21,13.84,587,131507,32,29.9,23,206,3.2,0.8,-1
2019-07-03 09:30:00,23.44,22.09,20.78,20.15,19.86,18.66,17.61,16.72,15.74,15.2,15.14,14.83,14.1,13.88,623,133007,32.1,29.9,22.4,214,4.5,0.6,-0.8
2019-07-03 09:45:00,23.51,22.1,20.74,20.17,19.88,18.68,17.55,16.73,15.74,15.2,15.13,14.84,14.13,13.93,662,134507,34,29.9,22.5,204,4.1,0.6,-1.3
2019-07-03 10:00:00,23.56,22.48,20.79,20.19,19.87,18.51,17.43,16.59,15.53,15.18,15.08,14.8,14.04,13.91,694,140007,18,29.9,22.6,220,4.7,0.6,-0.8
2019-07-03 10:15:00,23.84,22.54,20.77,20.21,19.88,18.52,17.44,16.57,15.6,15.17,15.06,14.82,14.01,13.84,731,141506,36.2,29.9,23.2,226,4.2,0.5,-0.7
2019-07-03 10:30:00,23.7,22.7,20.81,20.28,19.9,18.49,17.46,16.54,15.4,15.14,14.99,14.73,13.99,13.74,764,143007,33.8,29.9,23.4,216,4.5,0.8,-1
2019-07-03 10:45:00,23.92,22.69,20.82,20.32,19.92,18.53,17.4,16.44,15.36,15.13,14.99,14.61,13.98,13.7,789,144507,31.9,29.9,23.7,225,3.8,1.1,-0.8
2019-07-03 11:00:00,24.05,22.66,20.79,20.35,19.89,18.45,17.36,16.48,15.35,15.12,14.97,14.53,13.97,13.73,816,150007,35.4,29.9,23.9,230,4.4,1,-0.8
2019-07-03 11:15:00,23.99,22.56,20.79,20.37,19.84,18.45,17.41,16.53,15.34,15.09,14.92,14.43,13.94,13.67,841,151506,34.6,29.9,24.2,218,4.3,-0.3,-2.4
2019-07-03 11:30:00,23.95,22.28,20.74,20.33,19.77,18.42,17.52,16.63,15.3,15.06,14.86,14.26,13.92,13.61,918,153007,38.3,30,24.6,223,4.5,1,-0.4
2019-07-03 11:45:00,24.04,22.33,20.76,20.38,19.59,18.22,17.38,16.62,15.4,15.06,14.86,14.19,13.93,13.58,250,154507,35.4,29.9,24.3,249,3.9,1,-0.6
2019-07-03 12:00:00,23.77,22.11,20.72,20.34,19.55,18.09,17.4,16.62,15.56,15.05,14.85,14.02,13.83,13.45,899,160007,35.7,29.9,24.9,220,2.7,0.8,-0.6
2019-07-03 12:15:00,23.88,22.18,20.72,20.31,19.54,17.91,17.46,16.58,15.84,15.09,14.9,14.15,13.9,13.47,901,161507,35.3,29.9,25.6,214,3.3,-0.1,-1.7
2019-07-03 12:30:00,23.78,22.17,20.76,20.34,19.56,18.03,17.34,16.54,16.03,15.17,14.9,14.14,13.9,13.44,990,163007,33.2,29.9,26.1,202,2.2,1.7,0
2019-07-03 12:45:00,23.65,22.18,20.81,20.34,19.61,18.04,17.22,16.69,16.05,15.14,14.83,14.15,13.91,13.49,550,164507,33.2,29.9,26.9,270,1.8,1,-0.2
2019-07-03 13:00:00,23.69,22.19,20.92,20.39,19.64,17.85,17.27,16.77,16,15.16,14.85,14.25,13.91,13.53,929,170007,37.7,29.9,27.3,332,1,1,-0.7
2019-07-03 13:15:00,23.74,22.16,21.02,20.43,19.67,17.75,17.17,16.47,15.93,15.11,14.83,14.16,13.89,13.52,972,171507,33.4,29.9,26.8,39,0.3,1,-0.6
2019-07-03 13:30:00,23.67,22.13,21,20.42,19.58,17.66,17.05,16.2,15.61,15.14,14.87,14.34,13.87,13.47,1056,173007,35.8,29.9,27.9,289,1.3,1,-0.8
2019-07-03 13:45:00,23.53,22.15,20.96,20.44,19.75,17.79,17.07,16.19,15.54,15.17,14.87,14.3,13.89,13.49,934,174506,32.2,29.9,28.4,307,1.5,1.1,-0.5
2019-07-03 14:00:00,23.61,22.29,20.98,20.48,19.71,17.93,16.91,16.08,15.49,15.16,14.81,14.1,13.71,13.19,681,180007,34.6,29.9,28.5,1,0,0.3,-1.7
2019-07-03 14:15:00,23.64,22.21,20.99,20.48,19.63,18.03,16.83,16.01,15.44,15.14,14.74,14.01,13.66,12.77,549,181507,35.3,29.9,27.8,313,2.3,0.5,-1.2
2019-07-03 14:30:00,23.69,22.24,20.97,20.46,19.51,18.03,16.93,16.04,15.45,15.08,14.6,13.93,13.64,12.81,915,183007,36,29.9,27.9,339,2.1,1.2,-0.6
2019-07-03 14:45:00,23.9,22.38,21.06,20.51,19.67,17.91,16.9,16.04,15.52,15.08,14.53,13.94,13.61,12.65,985,184507,38.4,29.9,25.6,19,12.4,3.1,-0.2
2019-07-03 15:00:00,24.84,22.53,21.18,20.52,19.66,17.93,17.06,16.06,15.6,15.11,14.5,13.9,13.58,12.79,294,190007,33.9,29.9,24.4,352,7.1,2,-1.1
2019-07-03 15:15:00,24.65,22.32,21.2,20.54,19.64,17.9,17.06,16.08,15.62,15.14,14.55,13.91,13.58,12.75,160,191507,36.4,29.9,24.5,348,4.5,2.5,-1.9
2019-07-03 15:30:00,24.53,22.34,21.08,20.48,19.41,17.83,17.18,16.19,15.67,15.17,14.55,13.91,13.53,12.72,182,193007,36.7,29.9,24.2,330,6.1,2.2,-1.3
2019-07-03 15:45:00,24.37,22.44,21.13,20.48,19.24,17.82,17.15,16.26,15.67,15.18,14.52,13.92,13.51,12.72,301,194506,35.6,29.9,24.7,358,5.7,2.3,-0.5
2019-07-03 16:00:00,24.39,22.52,21.11,20.53,19.28,17.78,16.92,16.5,15.73,15.08,14.41,13.92,13.44,12.59,264,200006,36.6,29.9,24.2,359,3.4,-0.9,-0.2
2019-07-03 16:15:00,24.46,22.55,21.02,20.35,19.18,17.79,17.12,16.52,15.63,14.99,14.29,13.93,13.45,12.64,213,201506,39.2,30,24.6,343,3.7,1.7,-1.2
2019-07-03 16:30:00,24.4,22.6,21.12,20.35,19.12,17.84,17.32,16.47,15.57,15,14.27,13.95,13.41,12.63,656,203007,36.5,29.9,25.6,356,3.3,3.8,-2
2019-07-03 16:45:00,24.33,22.55,21.09,20.35,19.12,17.88,17.35,16.34,15.53,14.95,14.17,13.95,13.33,12.58,260,204507,32.4,29.9,25.4,355,2.6,-0.1,-1.6
2019-07-03 17:00:00,24.51,22.55,21.1,20.35,19.07,17.92,17.34,16.44,15.63,14.99,14.23,13.97,13.38,12.69,558,210007,32.6,29.9,25.1,1,4.4,2,-1.6
2019-07-03 17:15:00,24.6,22.61,21.17,20.37,19.1,17.9,17.27,16.39,15.49,14.94,14.1,13.96,13.32,12.65,473,211507,32.5,29.9,25.2,350,4,0.6,-1
2019-07-03 17:30:00,24.58,22.68,21.16,20.32,19.15,17.84,17.34,16.27,15.38,14.96,14.12,13.93,13.38,12.7,431,213007,31.3,29.9,25.1,346,3.7,0,-1
2019-07-03 17:45:00,24.68,22.75,21.17,20.36,19.13,17.83,17.3,16.22,15.32,14.97,14.16,13.89,13.43,12.74,389,214507,35.8,29.9,25.3,349,3.3,1,-0.6
2019-07-03 18:00:00,24.64,22.81,21.14,20.32,19.17,17.83,17.32,16.24,15.39,15.02,14.36,14.02,13.49,12.84,352,220007,35.4,29.9,25.3,340,3.6,0.6,0.7
2019-07-03 18:15:00,24.8,23.1,21.3,20.27,19.13,17.82,17.37,16.24,15.4,15.03,14.48,14.02,13.53,12.76,299,221507,34.9,29.9,25.5,347,2.3,1.7,-1
2019-07-03 18:30:00,24.88,23.14,21.22,20.19,19.2,17.83,17.24,15.94,15.26,15.01,14.4,13.89,13.44,12.41,248,223007,35.8,29.9,25.6,350,3,1.5,-0.9
2019-07-03 18:45:00,24.87,23.25,21.17,20.09,19.11,17.7,17.03,15.77,15.22,15.01,14.51,13.97,13.45,12.38,205,224507,30.6,29.9,25.7,323,2.4,1.8,-0.7
2019-07-03 19:00:00,24.89,23.7,21.31,20.09,19.11,17.74,17.07,15.75,15.21,15.03,14.6,14.02,13.56,12.41,77,230007,31.5,29.9,25.3,322,2.1,-0.5,-0.3
2019-07-03 19:15:00,24.93,23.51,21,19.88,18.67,17.74,16.84,15.6,15.08,15,14.4,14,13.38,12.35,138,231507,32,29.9,24.8,295,3.2,1.1,-0.7
2019-07-03 19:30:00,24.97,23.32,20.82,19.91,18.78,17.77,16.82,15.57,15.04,15.01,14.44,13.99,13.42,12.6,115,233007,34.3,29.9,24.3,302,3.9,0.7,-0.6
2019-07-03 19:45:00,24.97,23.13,20.69,19.85,18.81,17.83,16.96,15.68,15.09,15.02,14.51,14.01,13.6,12.8,76,234507,35.6,29.9,24.2,305,3.6,0.8,-0.4
2019-07-03 20:00:00,25,22.81,20.66,19.89,18.93,17.85,17.02,15.68,15.1,15.06,14.64,14.05,13.75,13.1,31,7,33.5,29.9,23.6,300,5,1,-1.4
2019-07-03 20:15:00,24.99,22.65,20.64,19.84,19.04,17.86,17.07,15.76,15.18,15.09,14.78,14.16,13.83,13.25,11,1506,37.3,30,23,287,4.7,1.6,0
2019-07-03 20:30:00,25.01,22.71,20.63,19.8,18.8,17.88,17.13,15.78,15.27,15.09,14.83,14.28,13.84,13.21,7,3007,35.1,30,23,300,5.4,1.2,-0.5
2019-07-03 20:45:00,24.97,22.89,20.66,19.92,19.19,18.04,17.23,15.91,15.33,15.1,14.91,14.43,13.89,13.28,3,4507,34.7,30,22.7,305,4.6,1.2,-0.6
2019-07-03 21:00:00,24.96,22.89,20.63,19.95,18.87,18,17.24,16.14,15.38,15.1,14.91,14.45,13.89,13.16,0,10006,35.5,30,22.4,302,3.6,1,-0.6
2019-07-03 21:15:00,24.94,22.89,20.65,20.03,18.87,18.14,17.41,16.39,15.38,15.1,14.91,14.44,13.86,12.98,-1,11506,27.8,30,22.4,299,3.5,1.2,0.4
2019-07-03 21:30:00,24.89,22.82,20.64,20.01,18.76,18.15,17.41,16.48,15.42,15.1,14.95,14.51,13.85,13.11,-1,13006,33.2,30,22.5,312,2.3,1.1,-0.5
2019-07-03 21:45:00,24.86,23,20.66,20.12,18.93,18.15,17.32,16.31,15.43,15.1,14.94,14.43,13.76,13.14,0,14506,35,30,22.3,297,3.4,1.8,-0.5
2019-07-03 22:00:00,24.82,22.71,20.61,19.69,18.78,18.09,17.23,16.28,15.5,15.09,14.84,14.15,13.47,12.96,0,20006,35.6,30,22.2,326,2.1,2,-0.9
2019-07-03 22:15:00,24.81,22.18,20.57,19.67,18.85,18.14,17.42,16.49,15.63,15.12,14.9,14.26,13.47,13.12,-1,21506,33.7,30,21.5,295,3.4,0.7,-1
2019-07-03 22:30:00,24.73,22.01,20.53,19.43,18.86,18.17,17.45,16.52,15.71,15.14,14.86,14.23,13.45,13.22,0,23006,30.2,30,21.1,299,4.4,-1,-2.4
2019-07-03 22:45:00,24.71,21.98,20.54,19.43,18.71,18.17,17.46,16.49,15.66,15.1,14.82,14.22,13.53,13.26,0,24506,32.4,30,20.9,308,2.9,1,-1.3
2019-07-03 23:00:00,24.71,22.44,20.6,19.58,19.02,18.19,17.22,16,15.29,15.07,14.73,14.01,13.54,13.12,0,30006,30.1,30,20.8,291,2.4,0.6,-1.8
2019-07-03 23:15:00,24.68,22.03,20.63,19.85,19.15,18.33,17.46,16.23,15.29,15.06,14.69,13.87,13.57,12.83,0,31506,35,30,20.4,262,1.3,1.1,-0.8
2019-07-03 23:30:00,24.68,22.22,20.72,20.02,19.21,18.37,17.25,16.05,15.21,14.99,14.6,13.74,13.51,12.56,0,33006,36.3,30,20.3,291,3.1,1,-0.5
2019-07-03 23:45:00,24.67,22.15,20.63,19.71,19.19,18.29,17.09,15.98,15.11,14.93,14.48,13.76,13.6,12.58,0,34506,31.1,30,20.4,297,3.9,0.7,-0.1
2019-07-04 00:00:00,24.62,22.53,20.69,19.86,19.32,18.32,17.03,16.02,15.11,14.95,14.52,13.8,13.52,12.35,0,40006,32.5,30,20.5,307,2.4,1.5,-0.6
2019-07-04 00:15:00,24.48,23.78,20.74,19.96,19.4,18.4,17.01,16.04,15.08,14.9,14.39,13.8,13.44,12.24,0,41506,32.5,30,20.4,314,3.5,0.9,-0.8
2019-07-04 00:30:00,24.43,23.8,20.7,19.71,19.38,18.4,16.92,16.07,15.09,14.92,14.45,13.83,13.33,12.06,0,43006,30.8,30,20,320,3.6,1.4,-1.2
2019-07-04 00:45:00,24.39,23.13,20.67,19.68,19.42,18.42,17.01,16.13,15.13,14.94,14.57,13.85,13.34,12.07,0,44506,31.8,30,20.4,351,1.7,0.8,-0.2
2019-07-04 01:00:00,24.33,24.26,20.75,19.92,19.52,18.45,16.98,16.14,15.1,14.91,14.52,13.87,13.36,12.1,0,50006,31.6,30,20.1,338,3.4,0.9,-1
2019-07-04 01:15:00,24.31,22.58,20.72,19.87,19.49,18.37,16.96,16.19,15.14,14.92,14.59,13.88,13.38,12.04,0,51506,33,30.1,19.8,323,1.8,1.8,0
2019-07-04 01:30:00,24.29,22.53,20.72,19.88,19.55,18.25,16.93,16.17,15.1,14.87,14.45,13.87,13.37,11.92,0,53006,31.7,30.1,19.5,11,1,0.7,-0.8
2019-07-04 01:45:00,24.25,22.15,20.65,19.75,19.54,18.26,16.99,16.21,15.15,14.85,14.4,13.87,13.38,11.94,1,54506,32,30.1,19.4,277,1.9,1.3,-1.1
2019-07-04 02:00:00,24.16,22.05,20.66,19.84,19.64,18.22,16.99,16.21,15.16,14.84,14.38,13.88,13.4,12.09,1,60006,35.4,30.1,19.1,262,1.6,0.5,-0.7
2019-07-04 02:15:00,24.13,22.05,20.6,19.78,19.3,17.99,16.94,16.16,15.14,14.84,14.48,13.9,13.43,12.13,0,61506,28.1,30,19.2,133,0.7,0.7,0
2019-07-04 02:30:00,24.1,22.12,20.63,19.88,19.16,17.88,16.95,16.12,15.14,14.83,14.47,13.91,13.41,12.1,1,63006,32.8,30.1,19.3,307,2.4,1.1,-0.7
2019-07-04 02:45:00,24.08,22.02,20.66,19.9,18.79,17.81,16.97,16.09,15.14,14.83,14.49,13.92,13.47,12.16,1,64506,32.7,30.1,19.2,266,2.7,1,-0.8
2019-07-04 03:00:00,24.06,21.98,20.7,19.94,18.75,17.88,17.01,16.11,15.16,14.81,14.5,13.94,13.44,12.16,1,70006,35,30.1,18.8,310,3.1,1.3,-1.1
2019-07-04 03:15:00,23.96,21.92,20.73,19.97,18.6,17.71,16.92,15.98,15.05,14.76,14.39,13.94,13.43,12.11,1,71506,34.6,30.1,18.8,337,1.9,0.8,-1
2019-07-04 03:30:00,23.9,21.96,20.76,19.91,18.42,17.65,16.88,15.96,15.04,14.72,14.33,13.95,13.38,12.08,1,73006,32.2,30.1,18.8,17,1.8,1.1,-0.8
2019-07-04 03:45:00,23.84,22.24,20.79,19.87,18.42,17.56,16.88,16.03,15.09,14.74,14.35,13.96,13.15,12.02,1,74506,33.2,30.1,18.7,309,3.9,0.8,-0.7
2019-07-04 04:00:00,23.82,22.05,20.79,19.95,18.68,17.43,16.74,16.09,15.26,14.82,14.46,13.99,13.1,12.04,1,80006,34.2,30.1,18.5,279,3.4,1.9,-0.3
2019-07-04 04:15:00,23.75,22.64,20.8,19.97,18.42,17.4,16.46,16.03,15.3,14.87,14.45,13.97,12.77,11.97,1,81506,35.5,30.1,18.4,317,2.9,1.3,-0.9
2019-07-04 04:30:00,23.7,22.66,20.82,19.98,19.03,17.34,16.55,16.01,15.31,14.86,14.4,13.89,12.33,11.95,1,83006,43,30.1,18.4,304,3.4,0.5,-1.2
2019-07-04 04:45:00,23.65,22.15,20.78,19.99,18.96,17.57,16.57,16.01,15.35,14.92,14.38,13.64,12.38,11.92,1,84506,31.2,30.1,18.4,335,2.3,0.7,-0.8
2019-07-04 05:00:00,23.61,22.18,20.74,20.03,18.66,17.59,16.57,15.96,15.3,14.87,14.32,13.61,12.59,12.03,1,90006,34.8,30.1,18.4,298,2.1,1.2,-0.6
2019-07-04 05:15:00,23.56,22.66,20.75,20.04,18.42,17.64,16.52,15.93,15.28,14.79,14.24,13.56,12.78,12.1,4,91506,32.2,30.1,18,290,3.3,0.8,-0.6
2019-07-04 05:30:00,23.53,22.31,20.76,20.05,18.33,17.67,16.5,15.92,15.24,14.72,14.04,13.4,12.89,12.05,10,93006,36.2,30.1,18,316,2.5,0.9,0.1
2019-07-04 05:45:00,23.49,22.86,20.78,20.12,18.34,17.67,16.43,15.85,15.13,14.59,14.03,13.32,12.98,11.8,25,94506,34.8,30.1,18.5,1,0.3,1.6,-0.4
2019-07-04 06:00:00,23.46,22.91,20.79,20.09,18.46,17.6,16.33,15.88,15.22,14.67,14.05,13.35,12.84,10.09,59,100006,30.1,30.1,18.9,324,2.3,0,-2
2019-07-04 06:15:00,23.45,23.26,20.83,20.07,18.4,17.56,16.38,15.88,15.18,14.63,13.99,13.36,12.84,9.14,93,101506,33,30.1,20.2,192,1.4,1.1,-0.8
2019-07-04 06:30:00,23.42,23.32,20.88,20.11,18.47,17.55,16.43,15.88,15.17,14.59,13.97,13.41,12.89,9.1,126,103006,32.7,30.1,20.4,67,2.2,1,-1
2019-07-04 06:45:00,23.42,23.17,20.85,20.1,18.36,17.49,16.36,15.84,15.13,14.54,13.92,13.36,12.77,8.8,164,104506,28,30.1,20,92,1.9,0.7,-0.8
2019-07-04 07:00:00,23.42,23.13,20.85,20.21,18.33,17.59,16.39,15.86,15.17,14.55,13.97,13.38,12.78,8.74,202,110006,31.2,30.1,20.6,44,0.9,1.1,-1.2
2019-07-04 07:15:00,23.42,23.27,20.86,20.29,18.41,17.69,16.39,15.83,15.12,14.51,13.96,13.34,12.67,8.66,241,111506,29.1,30.1,21.8,56,1.2,0.8,-2.7
2019-07-04 07:30:00,23.43,22.95,20.83,20.23,18.55,17.71,16.41,15.8,15.03,14.47,13.94,13.33,12.5,8.61,295,113006,35.6,30.1,22.6,58,0.4,0.8,-1
2019-07-04 07:45:00,23.45,23.09,20.9,20.28,18.63,17.67,16.39,15.76,14.97,14.46,13.96,13.33,12.4,8.6,306,114506,33.8,30.1,23.6,270,1,1.1,-1.4
2019-07-04 08:00:00,23.44,23.01,21.01,20.37,18.66,17.64,16.3,15.71,14.82,14.4,13.89,13.32,12.04,8.33,307,120006,38.9,30.2,23,231,0.3,1.3,-0.7
2019-07-04 08:15:00,23.43,23.15,21.08,20.21,18.63,17.64,16.27,15.7,14.74,14.41,13.85,13.3,11.02,8.22,300,121506,34.2,30.1,24,307,0.4,1.1,-0.7
2019-07-04 08:30:00,23.42,23.13,21.28,20.28,18.57,17.59,16.23,15.73,14.78,14.42,13.88,13.29,11.11,8.11,385,123006,31.2,30.1,24.1,307,0.6,0.9,-1.3
2019-07-04 08:45:00,23.44,23.14,21.29,20.19,18.65,17.61,16.22,15.75,14.84,14.39,13.81,13.27,10.92,8.1,396,124506,31.8,30.1,24.4,346,0.7,1.3,-0.5
2019-07-04 09:00:00,23.44,23.09,21.4,20.11,18.79,17.63,16.18,15.77,15.14,14.4,13.8,13.2,11.03,8.07,566,130006,33.3,30.2,24.7,308,1.1,0.8,-1
2019-07-04 09:15:00,23.51,23.2,21.4,19.89,18.75,17.68,16.29,15.83,15.25,14.41,13.81,13.2,10.59,8.16,532,131506,31.3,30.1,25.4,284,1,0.6,-1.4
2019-07-04 09:30:00,23.72,23.09,21.46,19.79,18.8,17.73,16.34,15.81,15.04,14.35,13.81,13.24,11.35,8.01,553,133006,34.8,30.2,25.8,310,0.4,0.4,-0.8
2019-07-04 09:45:00,23.76,23.17,21.65,19.81,18.83,17.69,16.41,15.8,15.13,14.5,13.84,13.3,12.52,7.78,642,134506,30.2,30.1,26.1,325,0.7,1.5,-1.2
2019-07-04 10:00:00,23.99,22.85,21.51,19.82,18.77,17.54,16.41,15.79,15.07,14.51,13.86,13.32,12.56,7.74,639,140006,34.9,30.1,25.8,334,0.7,1.4,-1.7
2019-07-04 10:15:00,23.95,23.11,21.41,19.74,18.65,17.53,16.35,15.8,14.99,14.4,13.86,13.32,12.57,7.67,667,141506,34.3,30.1,26.2,270,1.2,1,-1.1
2019-07-04 10:30:00,24.12,22.89,21.32,19.71,18.66,17.6,16.37,15.79,15.07,14.4,13.87,13.34,12.61,7.73,641,143006,32.6,30.1,26.4,251,1.3,0.4,-1.7
2019-07-04 10:45:00,24.14,22.66,21.37,19.64,18.59,17.59,16.4,15.8,15.08,14.37,13.87,13.32,12.43,7.63,604,144506,31.9,30.1,26.2,297,1.9,0.7,-0.8
2019-07-04 11:00:00,24.25,23.14,21.8,19.7,18.64,17.75,16.48,15.81,15.13,14.28,13.84,13.3,11.72,7.56,618,150006,29.1,30.1,26.1,255,0.6,0.6,-1.7
2019-07-04 11:15:00,24.32,23.21,21.63,19.63,18.58,17.7,16.46,15.8,15.05,14.29,13.83,13.28,10.32,7.51,737,151506,36.7,30.2,27.1,240,0.6,1.3,-1.1
2019-07-04 11:30:00,24.53,23.23,21.53,19.64,18.59,17.76,16.47,15.78,15.04,14.31,13.83,13.28,9.8,7.49,778,153006,38.7,30.2,27.7,152,0.3,0,-2.2
2019-07-04 11:45:00,24.54,23.18,21.64,19.61,18.54,17.76,16.45,15.72,14.98,14.26,13.78,13.23,9.02,7.48,656,154506,36.6,30.2,28,309,0.4,0.6,-1.2
2019-07-04 12:00:00,24.5,23.19,21.12,19.5,18.34,17.69,16.4,15.66,14.97,14.26,13.79,13.24,8.71,7.47,561,160006,38.6,30.2,28.3,270,0.6,0.3,-0.6
2019-07-04 12:15:00,24.64,23.24,21.59,19.49,18.45,17.77,16.43,15.64,14.98,14.22,13.75,13.19,8.44,7.47,712,161506,32.7,30.1,28.6,297,0.8,-1.1,-2.7
2019-07-04 12:30:00,24.61,23.21,22.05,19.53,18.48,17.83,16.45,15.64,14.98,14.21,13.68,13.16,8.35,7.47,766,163006,35.1,30.2,28.8,253,0.8,0.2,-1.1
2019-07-04 12:45:00,24.39,23.12,22.14,19.65,18.61,17.91,16.52,15.66,14.99,14.3,13.65,13.16,8.29,7.47,778,164506,36.3,30.2,28.2,181,1.1,0.8,-0.6
2019-07-04 13:00:00,24.4,23.09,22.09,19.56,18.3,17.85,16.47,15.65,15.01,14.33,13.61,13.05,7.73,7.47,575,170006,36.5,30.2,27.8,191,1.8,3.6,0.1
2019-07-04 13:15:00,24.69,23.28,22.15,19.75,18.35,17.83,16.6,15.69,15.03,14.36,13.59,12.89,7.64,7.5,961,171506,33.7,30.1,27.9,174,1.8,1.4,-1.3
2019-07-04 13:30:00,24.65,23.42,22.23,19.83,18.26,17.57,16.49,15.61,14.97,14.18,13.53,12.87,7.66,7.51,796,173006,30.7,30.1,28.2,190,2.1,0.6,-1.1
2019-07-04 13:45:00,24.56,23.25,21.9,19.8,18.31,17.6,16.53,15.63,14.86,14.09,13.46,12.62,7.51,7.5,1004,174506,33.8,30.1,28,211,4.2,0.1,-2
2019-07-04 14:00:00,24.64,23.42,22.03,20.02,18.49,17.7,16.79,15.68,14.83,14.09,13.44,12.55,8.03,7.5,895,180006,31.6,30.1,27.5,210,4.4,2.7,0.3
2019-07-04 14:15:00,24.44,23.26,21.6,19.8,18.21,17.52,16.6,15.61,14.69,13.98,13.38,12.1,8.08,7.49,969,181506,35,30.1,27.6,215,4.6,-0.4,-2
2019-07-04 14:30:00,25.64,23.43,21.69,19.94,18.26,17.6,16.57,15.63,14.76,14.18,13.69,13.04,8.46,7.5,594,183006,32.6,30.1,27.5,204,3.5,1.7,-1.3
2019-07-04 14:45:00,25.58,23.89,22.07,20.12,18.34,17.59,16.54,15.56,14.68,14.14,13.54,12.21,7.77,7.48,1065,184506,30.9,30.1,27.9,188,6,1.2,-0.1
2019-07-04 15:00:00,24.62,23.83,21.96,20.04,18.25,17.48,16.35,15.37,14.56,14.16,13.43,12.03,7.63,7.46,669,190006,36.3,30.1,28.1,168,4.6,1.5,-0.3
2019-07-04 15:15:00,24.99,24.11,21.95,20.19,18.35,17.59,16.54,15.45,14.69,14.21,13.63,12.56,8.31,7.45,838,191506,38,30.1,28.2,176,4,-0.1,-1.1
2019-07-04 15:30:00,25.37,24.11,22.06,20.01,18.27,17.55,16.46,15.42,14.73,14.15,13.57,12.3,8.07,7.46,798,193006,34.9,30.1,28.8,178,3.2,2.2,-0.8
2019-07-04 15:45:00,26.27,24.27,22.28,20.03,18.3,17.58,16.48,15.35,14.79,14.35,13.67,12.61,8.51,7.46,762,194506,36.7,30.1,28.6,203,3.1,0.3,-1.2
2019-07-04 16:00:00,25.37,24.18,21.89,19.76,18.18,17.37,15.95,15.15,14.75,14.41,13.69,12.77,8.87,7.46,703,200006,32.1,30.1,28.4,201,4.3,0.4,-0.2
2019-07-04 16:15:00,26,24.13,22.01,20.14,18.28,17.46,16.04,15.14,14.57,14.5,13.77,13.05,10.82,7.48,634,201506,37.6,30.1,28.1,203,4.1,0.2,0
2019-07-04 16:30:00,25.67,24.06,21.95,20,18.27,17.32,15.94,15.19,14.62,14.33,13.78,13.03,10.74,8.28,620,203006,34.8,30.1,27.7,207,4.4,0.3,-0.4
2019-07-04 16:45:00,26.27,23.95,22.09,19.77,18.29,17.19,15.87,15.16,14.66,14.51,13.8,13.01,11.03,8.33,594,204506,33.7,30.1,28,207,4.3,1.7,0.1
2019-07-04 17:00:00,26.2,23.94,22.17,19.57,18.24,16.93,15.67,14.94,14.65,14.21,13.76,13.03,10.84,8.1,546,210006,32.6,30.1,28,214,3.6,0,-0.7
2019-07-04 17:15:00,26.68,23.83,21.96,19.59,18.34,17.33,15.82,15.03,14.65,14.1,13.74,13.01,9.87,7.87,469,211506,31.7,30.1,27.9,214,3.7,0.6,-1.4
2019-07-04 17:30:00,26.89,23.84,21.79,19.19,18.33,17.14,15.71,15.07,14.72,14.07,13.79,13.04,10.62,8.1,430,213006,33.5,30.1,28.2,212,3.7,-0.1,-1.5
2019-07-04 17:45:00,26.47,23.87,21.91,19.28,18.36,17.37,15.8,15.07,14.72,14.03,13.81,13.04,9.56,8.02,350,214506,32.9,30.1,28.4,199,2.4,0.2,0
2019-07-04 18:00:00,26.1,23.75,21.63,19.71,18.38,17.37,15.71,15,14.69,14,13.84,13.09,11.81,8.11,377,220006,35.4,30.1,28.6,211,2.7,0.4,-0.5
2019-07-04 18:15:00,27.21,23.86,21.57,19.54,18.38,17.47,15.74,15.03,14.57,13.96,13.63,12.97,8.99,7.97,320,221506,35.3,30.1,28.5,205,2.3,0.6,-0.4
2019-07-04 18:30:00,26.62,23.98,21.57,19.63,18.39,17.46,15.79,15.06,14.6,13.95,13.63,13.01,9.99,8.13,278,223006,31.7,30.1,28.2,252,2.2,1.3,-0.5
2019-07-04 18:45:00,26.74,24.07,21.62,19.78,18.39,17.54,15.86,15.1,14.64,13.93,13.65,13.03,8.96,8.07,214,224506,34.9,30.1,27.7,278,2.4,1.6,0
2019-07-04 19:00:00,26.69,24.01,21.5,19.46,18.37,17.25,15.77,15.04,14.32,13.89,13.22,12.67,8.62,7.91,141,230006,33,30.1,26.8,295,3.2,0,-1
2019-07-04 19:15:00,27.07,24,21.58,19.53,18.36,17.23,15.77,15.07,14.38,13.87,13.3,12.84,8.71,7.88,111,231506,32.8,30.1,26.4,288,3.4,0.8,-0.7
2019-07-04 19:30:00,26.8,23.99,21.61,19.49,18.36,17.31,15.78,15.06,14.38,13.75,13.14,12.46,8.68,7.87,101,233006,33.3,30.1,25.6,290,3.8,0.5,-0.7
2019-07-04 19:45:00,26.75,24.02,21.57,19.5,18.34,16.82,15.61,14.98,14.31,13.67,13.12,12.47,9.03,8.03,90,234506,34.8,30.1,25.3,289,5,2.4,0.1
2019-07-04 20:00:00,26.51,23.97,21.54,19.52,18.34,16.69,15.54,14.94,14.11,13.54,13.08,12.11,9.01,8.01,57,6,39.9,30.1,24.9,273,3.2,0.8,-0.7
2019-07-04 20:15:00,26.34,23.81,21.24,19.39,18.3,16.75,15.52,14.93,14.08,13.33,13.04,11.98,8.92,8.12,26,1506,36.3,30.1,24.2,280,2.6,1.6,-0.6
2019-07-04 20:30:00,26.25,23.92,21.43,19.47,18.32,16.71,15.59,14.94,14.11,13.28,12.99,11.57,8.71,7.89,11,3006,38,30.1,23.7,281,2.7,1.3,-0.3
2019-07-04 20:45:00,26.13,24.02,21.61,19.57,18.31,16.86,15.71,15.02,14.33,13.44,13.06,11.55,8.7,7.75,4,4506,34.4,30.1,23.2,281,2.5,1.9,-0.4
2019-07-04 21:00:00,26.04,24.12,21.4,19.44,18.34,16.99,15.77,15.02,14.27,13.28,12.99,11.13,8.69,7.7,0,10006,31.4,30.1,23.1,92,0.4,0.3,-1.5
2019-07-04 21:15:00,26.01,24.15,21.36,19.51,18.34,16.9,15.71,15.02,14.25,13.27,12.99,11.57,8.96,7.82,-1,11506,32,30.1,23.5,142,1.4,0.4,-0.6
2019-07-04 21:30:00,25.95,24.14,21.39,19.44,18.35,16.93,15.71,15.1,14.29,13.27,12.87,11.01,8.96,7.79,-1,13006,31.9,30.1,24.1,184,3.7,1.7,-0.8
2019-07-04 21:45:00,25.89,24.36,21.49,19.45,18.39,16.98,15.7,15.14,14.32,13.26,12.43,10.57,8.82,7.69,-1,14506,31.2,30.1,23.6,321,1.8,0,-1.5
2019-07-04 22:00:00,25.86,24.48,21.51,19.35,18.36,16.8,15.68,15.18,14.41,13.28,12.36,10.81,8.69,7.66,-1,20006,32.3,30.1,23.3,248,1.3,-0.6,-0.8
2019-07-04 22:15:00,25.91,24.48,21.77,19.59,18.36,16.58,15.62,15.14,14.35,13.27,12.1,10.47,8.39,7.63,-1,21506,27.3,30.1,23.3,134,5.8,1.5,-0.8
2019-07-04 22:30:00,25.97,24.3,21.42,19.26,18.34,16.52,15.67,15.19,14.49,13.28,11.99,9.92,8.3,7.61,-1,23006,29.8,30.1,22.9,164,4.1,0,-1
2019-07-04 22:45:00,26.12,24.17,21.41,19.25,18.07,16.35,15.68,15.19,14.61,13.33,12.2,10.71,8.56,7.62,-1,24506,32.4,30.1,23.6,198,5.2,-9.3,-0.2
2019-07-04 23:00:00,26.28,24.22,21.19,19.08,17.53,16.1,15.64,15.17,14.65,13.35,12.23,10.9,8.89,7.64,-1,30006,28.8,30.1,23.6,136,7.4,0.1,-1
2019-07-04 23:15:00,26.37,24.05,21.4,19.2,17.89,16.27,15.7,15.21,14.72,13.36,12.29,10.68,8.8,7.64,-1,31506,32.5,30.1,22.7,153,7.1,-2.1,-1.1
2019-07-04 23:30:00,26.43,23.98,21.15,19.19,17.63,16.06,15.59,15.09,14.54,13.28,12.29,10.8,9.09,7.66,-1,33006,30.9,30.1,22.3,187,4,1.1,-1
2019-07-04 23:45:00,26.39,23.44,21.13,19.28,17.66,16.03,15.6,15.06,14.53,13.27,12.48,10.73,8.91,7.62,-1,34506,33.9,30.2,22.5,193,3.6,-1,-0.6
2019-07-05 00:00:00,26.41,23.46,21.15,19.27,17.84,16.12,15.62,15.05,14.4,13.23,12.49,10.92,9.09,7.6,0,40006,32.7,30.2,21.5,306,2.4,0.1,-0.4
2019-07-05 00:15:00,26.25,23.98,21.5,19.35,17.81,16.07,15.57,14.99,14.15,13.16,12.14,10.34,8.69,7.52,0,41506,31.4,30.1,21.2,307,1.3,0.4,-1.3
2019-07-05 00:30:00,26.08,24.03,21.38,19.28,17.71,16.06,15.55,15,14.24,13.18,12.36,10.87,8.89,7.48,0,43006,31,30.1,21.4,132,3.1,1,0
2019-07-05 00:45:00,26.04,24.43,21.25,19.28,17.66,16.07,15.53,15.01,14.22,13.25,12.46,11.34,9.03,7.45,0,44506,28.8,30.1,21.2,164,3.2,0,-0.6
2019-07-05 01:00:00,26.01,24.7,21.41,19.31,17.57,16.04,15.48,14.97,14.05,13.23,12.46,11.51,9.08,7.45,0,50006,33.8,30.2,21.4,188,7.8,0,0.2
2019-07-05 01:15:00,26.03,24.7,21.21,19.21,17.41,16.08,15.5,15,14.06,13.2,12.57,11.68,9.28,7.88,0,51506,32.5,30.1,21.2,274,3.4,0.5,-0.7
2019-07-05 01:30:00,26.01,24.88,21.31,19.21,17.15,16.09,15.48,14.91,13.79,13.11,12.49,11.57,9.35,8.07,0,53006,29.9,30.1,21,235,3.8,1,-0.5
2019-07-05 01:45:00,25.96,24.75,21.24,19.22,16.96,16.11,15.5,14.99,13.94,13.17,12.59,11.77,9.9,8.47,0,54506,32.9,30.2,20.9,222,1.7,0.5,-0.4
2019-07-05 02:00:00,25.87,24.52,21.32,19.31,16.93,16.11,15.45,14.97,13.97,13.24,12.62,11.78,9.83,8.33,0,60006,29.1,30.1,21.4,186,7,0.8,-1
2019-07-05 02:15:00,25.72,25.03,21.34,19.17,16.88,16.06,15.4,14.94,13.96,13.27,12.71,11.82,10.15,8.48,0,61506,31.9,30.2,21.3,167,8.6,0,-0.9
2019-07-05 02:30:00,25.56,24.7,20.93,19.12,16.91,16.07,15.44,15.07,14.1,13.35,12.69,11.8,10.3,8.55,0,63006,33.5,30.2,20.9,179,9,0,-0.4
2019-07-05 02:45:00,25.32,24.77,20.93,19.12,17.05,16.08,15.46,15.1,14.03,13.26,12.6,11.76,10.47,8.62,0,64506,34.2,30.2,20.9,192,7.7,0.2,0.1
2019-07-05 03:00:00,25.11,24.47,20.68,19.11,17.22,16.12,15.54,15.16,14.09,13.3,12.54,11.72,10.32,8.58,0,70006,35.2,30.2,21,150,4.7,0.8,-1.1
2019-07-05 03:15:00,24.97,24.54,20.85,19.3,17.36,16.27,15.62,15.18,14.13,13.2,12.38,11.68,9.92,8.36,0,71506,31.1,30.1,20.6,196,4.3,-0.9,-1
2019-07-05 03:30:00,24.89,24.68,20.99,19.38,17.31,16.25,15.65,15.2,14.17,13.22,12.35,11.68,9.95,8.25,0,73006,34,30.2,20.5,150,4.6,1.5,-1.2
2019-07-05 03:45:00,24.77,24.56,21.15,19.56,17.51,16.4,15.7,15.33,14.37,13.29,12.39,11.67,9.79,8.13,0,74506,35.8,30.2,20.5,140,5.4,0.7,-1.3
2019-07-05 04:00:00,24.6,24.46,21.11,19.53,17.42,16.35,15.7,15.28,14.33,13.34,12.38,11.66,9.72,8.09,0,80006,38,30.2,20.5,197,6.3,0.9,-0.7
2019-07-05 04:15:00,24.36,24.25,21.08,19.29,17.44,16.44,15.72,15.28,14.32,13.41,12.29,11.64,10.01,8.08,0,81506,38.3,30.2,20.3,201,5.5,0.6,-0.2
2019-07-05 04:30:00,24.28,24.23,21.11,19.36,17.6,16.6,15.83,15.33,14.33,13.57,12.31,11.63,9.44,7.69,0,83006,33,30.2,20.3,179,5.9,-0.9,-0.6
2019-07-05 04:45:00,24.17,24.08,21.2,19.26,17.64,16.5,15.78,15.26,14.33,13.6,11.97,11.5,9.42,7.71,0,84506,33.9,30.2,20.3,141,4.6,0.6,-1
2019-07-05 05:00:00,24.14,24.04,21.05,19.36,17.82,16.72,15.96,15.35,14.35,13.37,11.87,11.27,8.86,7.49,1,90006,33.7,30.2,20.2,179,5.1,0.8,-0.6
2019-07-05 05:15:00,24.07,23.99,21.03,19.11,17.89,16.75,15.96,15.18,14.18,13.13,11.81,11.17,8.8,7.51,3,91506,32.5,30.2,20.2,149,3.5,1.5,-1.4
2019-07-05 05:30:00,24.03,23.98,21.03,19.17,17.9,16.81,15.89,14.93,13.98,12.91,11.71,10.77,8.61,7.52,10,93006,34.8,30.2,20.1,151,5.1,1.1,-0.6
2019-07-05 05:45:00,24.02,23.93,20.57,18.7,17.86,16.93,15.99,15.1,14.06,12.93,11.67,10.4,8.47,7.56,31,94506,30.1,30.2,20.1,143,6.6,0.1,-0.4
2019-07-05 06:00:00,24.06,23.9,20.53,18.95,17.94,16.85,15.89,14.94,13.77,12.86,11.66,10.6,8.57,7.68,38,100006,33.5,30.2,20.6,191,5.9,-1.6,-1.4
2019-07-05 06:15:00,24.04,23.82,20.71,18.9,18.06,16.89,15.87,14.86,13.67,12.71,11.66,10.73,8.65,7.78,43,101506,33.1,30.2,20.6,191,5.6,-2.7,-1.8
2019-07-05 06:30:00,24.02,23.85,20.61,18.92,18.1,16.67,15.91,14.97,13.79,13.08,11.67,10.8,8.72,7.91,122,103006,33,30.2,21,168,4.2,0.1,-0.5
2019-07-05 06:45:00,23.98,23.71,20.67,18.99,18.21,16.79,16.03,15.06,13.88,13.13,11.66,10.39,8.52,7.89,65,104506,33.2,30.2,21,170,6.2,-0.8,-1.1
2019-07-05 07:00:00,23.95,23.66,20.71,19.14,18.05,16.95,16.1,15.2,14.04,13.26,11.77,10.56,8.67,7.98,210,110006,30.5,30.2,22.1,163,7.2,0,-0.7
2019-07-05 07:15:00,23.89,23.33,20.59,19.18,17.9,16.79,15.98,15.04,13.97,13.29,11.94,10.52,8.67,7.99,244,111506,36.4,30.2,22.4,185,5.3,0.1,-0.8
2019-07-05 07:30:00,23.8,23.47,20.52,19.2,17.73,16.74,15.99,15.05,13.91,13.33,12.18,10.84,8.84,7.99,280,113006,36.3,30.2,22.8,190,6.6,-0.1,-0.6
2019-07-05 07:45:00,23.85,23.7,20.87,19.22,17.66,16.73,16.01,14.96,13.9,13.35,12.12,10.76,8.65,7.93,342,114506,37.1,30.2,22.8,183,7.2,-0.6,-0.8
2019-07-05 08:00:00,23.79,23.66,20.58,19.12,17.48,16.62,15.86,14.76,13.91,13.41,12.14,10.89,8.85,7.95,391,120006,36.3,30.2,23.2,173,8.3,0.6,-0.2
2019-07-05 08:15:00,23.76,23.62,20.83,19,17.46,16.63,15.8,14.65,14,13.54,12.15,10.93,8.87,7.94,418,121506,33,30.2,23.6,161,7.9,2,0
2019-07-05 08:30:00,23.77,23.65,20.64,18.97,17.29,16.52,15.51,14.61,13.91,13.36,12.37,11.28,9.44,7.97,451,123006,34.3,30.2,23.8,162,8.6,-0.4,0
2019-07-05 08:45:00,23.75,23.44,20.03,18.5,17.13,16.33,15.42,14.75,13.88,13.29,12.26,11.25,9.68,7.97,496,124506,35.5,30.2,24.1,168,10.4,-2.1,-1.7
2019-07-05 09:00:00,23.71,23.45,20.18,18.43,17.06,16.24,15.33,14.54,13.71,12.96,12.22,11.33,9.93,7.98,544,130006,35.2,30.2,24.3,170,8.5,-0.5,-0.7
2019-07-05 09:15:00,23.7,23.51,20.56,18.48,16.93,16.21,15.38,14.53,13.72,12.95,12.17,11.42,9.94,7.96,573,131506,33.7,30.2,24.2,173,11.8,-1.2,-0.4
2019-07-05 09:30:00,23.66,23.51,20.31,18.13,16.79,16.13,15.35,14.55,13.73,12.77,12.09,11.49,9.95,7.95,616,133006,32.8,30.2,24.4,161,11.1,-1,-0.1
2019-07-05 09:45:00,23.52,23.3,21.63,18.15,16.83,16.08,15.22,14.34,13.65,12.74,11.97,11.3,9.73,7.94,638,134506,35.3,30.2,24.7,147,11.7,-1,0
2019-07-05 10:00:00,23.46,23.23,21.62,18.48,16.94,16.16,15.33,14.4,13.67,12.87,12.09,11.41,9.84,7.99,694,140006,37,30.2,24.8,157,12.5,-1.6,0.3
2019-07-05 10:15:00,23.62,23.25,21.51,18.2,16.88,16.08,15.24,14.25,13.45,12.61,11.91,11.35,9.85,8.32,726,141506,33.7,30.1,25.2,161,11.6,-2,-0.5
2019-07-05 10:30:00,23.61,23.19,21.89,17.98,16.9,16.03,15.18,14.19,13.4,12.4,11.94,11.38,10.22,8.47,804,143006,35.3,30.2,25.7,160,8.4,-2,-2.2
2019-07-05 10:45:00,23.53,23.22,21.63,18.04,17.01,15.99,15.14,14.27,13.59,12.4,11.83,11.32,9.71,8.23,728,144506,27.7,30.1,25.8,169,11.2,-9,0
2019-07-05 11:00:00,23.44,23.22,21.8,18.23,17.12,16.02,15.26,14.45,13.28,12.25,11.64,11.17,9.25,8.01,910,150006,33,30.1,25.9,159,11.7,-2.8,-0.3
2019-07-05 11:15:00,23.31,23.08,22.38,19.48,17.24,16.04,15.3,14.5,13.48,12.26,11.59,11.18,9.45,8.1,516,151506,34.6,30.1,25.9,151,11.6,-1.1,-0.4
2019-07-05 11:30:00,23.06,22.94,21.51,19.15,16.95,15.81,15.23,14.24,13.45,12.29,11.51,11.17,9.32,8,606,153006,36,30.1,25.8,153,9.9,0,-0.2
2019-07-05 11:45:00,22.94,22.82,21.65,18.9,17.04,15.97,15.31,14.33,13.29,12.3,11.38,11.12,9.28,8.07,752,154506,36.7,30.1,26.3,156,11.6,-2.2,-0.9
2019-07-05 12:00:00,23.07,22.78,21.36,18.8,16.74,15.75,15.22,14.32,13.12,12.08,11.29,11.1,9.4,8.28,904,160006,36.2,30.1,26.1,156,12.6,-9.8,-2.4
2019-07-05 12:15:00,22.73,22.54,20.96,19.13,16.63,15.72,15.31,14.4,13.35,12.28,11.24,11.09,9.56,8.24,928,161506,32.6,30.1,26.3,155,12.4,-3.2,-0.3
2019-07-05 12:30:00,22.51,22.27,22,19.57,16.65,15.7,15.26,14.35,13.25,12.13,11.2,11.04,9.32,8.18,583,163006,34.1,30.1,26.1,160,11.7,-8.7,-0.8
2019-07-05 12:45:00,22.23,22.11,21.57,19.05,16.64,15.85,15.18,14.22,12.93,11.53,11.15,11,9.39,8.25,464,164506,33.9,30.1,25.9,164,12.7,-1.7,-0.2
2019-07-05 13:00:00,22.22,22.14,21.69,20.81,17.26,16.03,15.17,14.25,12.49,11.45,11.09,10.88,9.3,8.28,392,170006,34.5,30.1,26.1,163,8.8,0.3,-1
2019-07-05 13:15:00,21.91,21.8,21.26,19.15,16.53,15.67,14.95,14.28,12.38,11.25,10.93,10.65,9.26,8.14,469,171506,33.4,30.1,26.5,165,7.3,-1.7,0.6
2019-07-05 13:30:00,22.1,21.91,21.03,19.36,16.45,15.4,14.73,13.94,12.26,11.08,10.74,10.22,8.86,7.95,436,173006,34.5,30.1,26.3,152,10.5,0.4,1.1
2019-07-05 13:45:00,21.94,21.86,21.37,19.69,16.68,15.55,14.79,13.88,12.44,11.32,10.69,9.92,8.68,7.94,313,174506,33.6,30.1,26.3,173,7.6,-1.5,-1
2019-07-05 14:00:00,21.75,21.54,21.16,19.76,16.58,15.35,14.81,13.95,12.69,11.2,10.67,9.75,8.61,7.93,357,180006,33.2,30.1,26,172,6,1,0
2019-07-05 14:15:00,21.75,21.66,21.24,19.62,16.52,15.44,14.83,13.96,12.78,11.4,10.6,9.75,8.58,7.96,254,181506,34.1,30.1,26.1,167,8.5,1.7,-0.5
2019-07-05 14:30:00,21.76,21.59,21.03,19.42,16.29,15.24,14.85,13.87,12.61,11.51,10.6,9.59,8.57,7.97,258,183006,32.9,30.1,25.8,157,7.2,-2.9,-1.4
2019-07-05 14:45:00,21.84,21.67,21.28,19.6,18.22,15.26,14.89,14.04,12.81,12.11,10.78,9.72,8.62,8.12,341,184506,34.9,30.1,26,157,9.4,-0.3,-0.4
2019-07-05 15:00:00,21.82,21.64,20.5,18.37,15.51,15.04,14.57,13.42,12.68,11.64,10.24,8.8,8.39,7.82,971,190006,35.5,30.1,26.4,159,8.2,1.3,-1.3
2019-07-05 15:15:00,21.93,21.6,21.27,19.06,15.97,15.13,14.81,13.98,12.85,12.12,10.44,9.15,8.38,7.87,494,191506,36.8,30.1,26.7,159,12.1,-3.1,0.5
2019-07-05 15:30:00,21.9,21.24,20.34,16.83,15.37,15.07,14.6,13.52,12.9,12.39,10.54,9.2,8.38,7.79,958,193006,33.1,30.1,26.8,162,10.5,-1.5,-0.9
2019-07-05 15:45:00,21.67,21.19,20.24,19.1,15.69,15.18,14.76,13.79,13.05,12.21,10.07,8.95,8.31,7.72,799,194506,32.9,30.1,26.6,163,8.7,-4.6,1
2019-07-05 16:00:00,21.75,21.45,20.23,17.47,15.45,15.13,14.46,13.31,12.94,11.62,9.84,8.82,8.26,7.64,636,200006,36.5,30.1,26.6,163,7.4,-1.8,0.6
2019-07-05 16:15:00,22.03,21.76,20.58,18.46,15.41,15.18,14.55,13.38,12.86,11.17,9.65,8.65,8.17,7.65,289,201506,35.5,30.1,26.7,158,10.2,-2.1,-1.7
2019-07-05 16:30:00,21.84,21.34,19.89,17.18,15.33,15.12,14.56,13.48,12.76,11.45,9.64,8.8,8.25,7.71,704,203006,35.6,30.1,26.9,161,6.7,-2.1,-1.3
2019-07-05 16:45:00,21.94,21.53,20.28,17.39,15.48,15.17,14.23,13.5,12.79,11.59,9.75,8.9,8.22,7.69,401,204506,36.4,30.1,26.8,161,7.9,-2.7,-2.9
2019-07-05 17:00:00,21.87,21.33,20.12,17.59,15.65,15.19,14.18,13.56,12.76,11.6,9.83,8.97,8.18,7.66,319,210006,34.1,30.1,26.6,156,6.3,-1.5,0
2019-07-05 17:15:00,22.08,21.69,20.26,17.96,15.67,15.33,14.16,13.58,12.74,11.53,9.81,9.13,8.18,7.57,264,211506,33.4,30,26.7,160,6.4,-0.7,-0.9
2019-07-05 17:30:00,22.09,21.65,19.45,16.51,15.43,15.12,14.14,13.46,12.66,11.28,9.74,9.18,8.19,7.63,185,213006,35.2,30,26.6,162,6.9,-0.4,0.1
2019-07-05 17:45:00,22.07,21.8,20.62,18.49,15.78,15.28,14.32,13.51,12.78,11.24,9.78,9.07,8.16,7.69,180,214506,35.4,30,26.6,159,7.8,-0.8,-0.9
2019-07-05 18:00:00,21.93,21.36,20.03,18.44,16.15,15.19,14.46,13.55,12.54,10.94,9.72,9.05,8.16,7.7,173,220006,35,30,26.3,177,5.4,-1,-2
2019-07-05 18:15:00,22.01,21.75,20.87,18.66,16.6,15.15,14.56,13.61,12.65,10.9,9.8,9.16,8.18,7.71,397,221506,33.4,30,25.2,208,6.4,1,0.9
2019-07-05 18:30:00,22.19,21.69,20.63,17.91,16.19,15.08,14.41,13.26,12.27,10.51,9.72,8.83,8.13,7.64,247,223006,38.3,30,25.3,203,6.3,0,0
2019-07-05 18:45:00,22.12,21.7,20.5,17.9,15.94,15.11,14.49,13.39,12.56,10.81,9.73,8.73,8.05,7.48,70,224506,35.9,30,24.8,205,6.6,0.9,-1
2019-07-05 19:00:00,22.03,21.65,20.18,17.83,16.13,15.04,14.37,13.28,12.45,10.74,9.74,8.6,7.95,7.48,176,230006,35.6,30,24.5,200,6.3,0.7,0
2019-07-05 19:15:00,22.08,21.69,20.33,17.9,16.19,15,14.22,13.15,12.4,10.61,9.6,8.45,7.9,7.36,79,231506,38.5,30,24.4,204,4.7,0,0.4
2019-07-05 19:30:00,22.16,21.68,20.15,18.1,16.01,14.99,14.07,12.99,12.19,10.51,9.46,8.32,7.66,7.32,114,233006,36.5,30,24.3,183,4.9,-1,-1.3
2019-07-05 19:45:00,22.13,21.59,19.88,18.39,15.74,14.79,13.74,12.87,11.78,10.47,9.43,8.3,7.64,7.3,81,234506,38.1,30,24.3,181,3.9,-0.6,-0.5
2019-07-05 20:00:00,22.14,21.58,20.02,18.75,15.58,14.74,13.71,12.82,11.44,10.43,9.5,8.41,7.79,7.3,51,6,36.8,30,23.8,186,5.7,0.4,-0.3
2019-07-05 20:15:00,21.98,21.4,20.04,19.01,15.64,14.73,13.73,12.79,11.9,10.51,9.78,8.56,7.91,7.35,24,1506,36.2,30,23.4,168,4.5,-0.5,-0.2
2019-07-05 20:30:00,21.88,21.33,20.11,18.97,15.41,14.52,13.49,12.62,11.68,10.5,9.56,8.31,7.71,7.29,5,3006,36,30,23,181,2.7,0.9,-0.4
2019-07-05 20:45:00,21.83,21.26,20.2,18.83,15.4,14.4,13.36,12.58,11.82,10.51,9.77,8.57,7.89,7.29,1,4506,29,30,22.7,181,3.9,0.6,-0.4
2019-07-05 21:00:00,21.79,21.35,20.39,18.63,15.41,14.18,13.21,12.59,11.74,10.57,9.82,8.59,7.94,7.44,-1,10006,34.1,30,22.4,159,4.7,2.3,0.5
2019-07-05 21:15:00,21.87,21.53,20.3,18.86,15.38,14.22,13.15,12.78,11.85,10.69,9.87,8.56,8,7.59,-1,11506,33.5,30,22.1,171,5.3,0,-0.6
2019-07-05 21:30:00,21.83,21.64,20.44,18.97,15.32,14.12,13.04,12.67,11.89,10.88,10.16,8.93,8.05,7.66,-1,13006,34.8,30,21.8,193,3.7,4.6,1
2019-07-05 21:45:00,21.92,21.57,20.39,18.8,15.26,14.13,12.96,12.42,11.64,10.73,9.9,8.6,7.97,7.6,0,14506,31.9,30,21.8,181,3.2,0.1,-0.5
2019-07-05 22:00:00,21.95,21.61,20.58,19.05,15.18,14.14,13,12.46,11.69,10.58,9.56,8.57,8.01,7.62,0,20006,28.3,30,21.9,194,4.5,0.7,-1
