"date","pres","airTemp","windDir","windSpd","head","T1m","T2m","T3m","T4m","T5m","T6m","T7m","T8m","T9m","T10m","T11m","T12m","T13m","T14m","T15m","T16m","T17m","T18m","T19m","T20m","T21m","T22m","T23m","T24m","T25m","T26m","T27m","T28m","T29m","T31m","T33m","T35m","T37m","T39m","T41m","T43m","T45m","T47m","T49m"
2019-06-28 05:00:00,30.1,15.3,NA,NA,5.2,18.2,18.16,17.5,17.15,16.8,16.7,16.49,16.08,15.8,14.48,14.16,13.97,13.49,13.25,13.23,12.8,12.27,11.85,11.55,11.35,11.27,11.05,10.98,10.87,10.51,10.23,9.71,9.23,9.19,9.09,8.91,8.46,7.99,7.8,7.6,7.3,6.44,5.62,5.14
2019-06-28 05:15:00,30.1,15.2,231,2,6.6,18.21,18.05,17.3,17.06,16.75,16.61,16.29,15.99,15.31,14.27,14.12,13.98,13.67,13.24,13.21,12.52,12.23,11.81,11.59,11.34,11.27,11.06,10.97,10.77,10.56,10.23,9.83,9.24,9.2,9.07,8.87,8.4,8.02,7.85,7.62,7.26,6.42,5.82,5.16
2019-06-28 05:30:00,30.1,15.5,230,2.2,5.7,18.22,18.11,17.32,17.1,16.79,16.67,16.24,15.99,15.24,14.27,14.12,14.1,13.52,13.32,13.22,12.47,12.19,11.81,11.57,11.35,11.25,11.06,10.98,10.8,10.53,10.24,9.64,9.24,9.2,9.07,8.72,8.33,8.02,7.85,7.62,7.2,6.39,5.8,5.23
2019-06-28 05:45:00,30.1,15.7,232,1.8,6,18.22,18.15,17.33,17.06,16.81,16.69,16.26,15.98,15.09,14.27,14.19,14.11,13.49,13.46,13.28,12.51,12.12,11.84,11.6,11.36,11.22,11.12,10.99,10.82,10.61,10.22,9.9,9.25,9.21,9.05,8.68,8.29,8.02,7.87,7.65,6.86,6.06,5.86,5.24
2019-06-28 06:00:00,30.1,16.2,182,1.3,7.3,18.24,18.21,17.35,17.05,16.83,16.7,16.33,15.98,14.74,14.31,14.26,13.61,13.4,13.39,13.38,12.43,12.02,11.81,11.63,11.38,11.2,11.16,10.99,10.78,10.67,10.34,10.04,9.26,9.22,9.05,8.77,8.39,8.07,7.87,7.66,6.71,6.11,5.83,5.27
2019-06-28 06:15:00,30.1,16.8,188,1.9,6.5,18.24,18.22,17.55,17.16,16.87,16.73,16.39,15.98,14.69,14.52,14.27,13.59,13.4,13.36,13.36,12.37,11.97,11.79,11.64,11.4,11.18,11.15,10.96,10.82,10.6,10.35,9.96,9.24,9.21,9.03,8.85,8.38,8.07,7.89,7.5,6.37,5.97,5.81,5.23
2019-06-28 06:30:00,30.1,17.5,152,3.7,6.2,18.24,18.24,18,17.19,16.95,16.79,16.65,15.99,14.95,14.52,14.23,13.94,13.33,13.35,13.26,12.2,11.89,11.73,11.51,11.38,11.2,11.11,10.92,10.83,10.55,10.24,9.6,9.21,9.18,9.01,8.61,8.3,8.07,7.87,7.16,6.12,5.9,5.77,5.21
2019-06-28 06:45:00,30.1,18.1,181,2.5,5.6,18.35,18.3,18.28,17.35,17.03,16.88,16.8,16.23,15.49,14.65,14.25,13.69,13.36,13.32,12.8,12.17,11.89,11.69,11.5,11.32,11.21,11.03,10.96,10.85,10.58,10.24,9.38,9.21,9.2,8.95,8.55,8.24,8.08,7.84,6.75,6.01,5.76,5.31,5.19
2019-06-28 07:00:00,30.1,18.2,172,3.1,7.5,18.46,18.43,18.39,17.75,17.08,16.89,16.78,16.38,15.61,14.72,14.31,14.05,13.41,13.31,12.95,12.15,11.92,11.7,11.51,11.33,11.21,11,10.96,10.82,10.56,10.12,9.3,9.23,9.2,8.91,8.45,8.16,8.06,7.86,7.01,6.04,5.72,5.39,5.21
2019-06-28 07:15:00,30.1,17.1,136,3.8,6.4,18.53,18.5,18.47,17.82,17.11,16.91,16.81,16.48,15.57,14.67,14.19,13.7,13.64,13.48,12.82,12.05,11.9,11.7,11.48,11.28,11.15,11,10.99,10.83,10.56,10.12,9.29,9.26,9.2,8.88,8.36,8.15,8.02,7.65,7.04,6.12,5.82,5.41,5.21
2019-06-28 07:30:00,30.1,17.6,159,5,7.2,18.55,18.55,18.5,17.77,17.22,16.97,16.9,16.72,15.98,14.76,14.26,13.78,13.61,13.54,12.68,12.04,11.88,11.68,11.45,11.3,11.13,11.01,11.01,10.82,10.53,10.13,9.32,9.29,9.19,8.86,8.33,8.17,8.04,7.79,7.09,6.19,5.71,5.29,5.21
2019-06-28 07:45:00,30.1,17.5,162,4.9,6.3,18.57,18.56,18.53,17.85,17.35,17.04,16.97,16.76,15.78,14.66,14.21,13.87,13.71,13.29,12.36,12.02,11.86,11.66,11.41,11.28,11.12,11,10.97,10.77,10.45,10.15,9.44,9.3,9.2,8.84,8.4,8.23,8.07,7.96,7.22,6.28,5.81,5.31,5.2
2019-06-28 08:00:00,30.1,17.4,159,5,11.5,18.59,18.58,18.59,18.1,17.43,17.15,17.02,16.76,15.28,14.57,14.07,13.97,13.69,13.33,12.59,12.06,11.85,11.66,11.47,11.25,11.11,11.02,10.96,10.8,10.53,10.2,9.7,9.31,9.18,8.81,8.39,8.21,8.06,7.87,7.14,6.14,5.81,5.48,5.24
2019-06-28 08:15:00,30.1,17.5,172,4.2,9.3,18.6,18.58,18.58,18.11,17.46,17.23,17.08,16.55,15.04,14.44,14.05,14,13.85,13.19,12.64,12.08,11.84,11.68,11.47,11.25,11.07,11.05,10.92,10.78,10.37,10.13,9.38,9.3,9.13,8.77,8.41,8.28,8.1,7.92,7.07,6.06,5.77,5.52,5.22
2019-06-28 08:30:00,30.1,17.5,166,4.7,0.8,18.6,18.59,18.54,17.96,17.47,17.25,17,15.99,14.94,14.39,14.13,14.05,13.9,13.15,12.68,12.19,11.96,11.77,11.52,11.21,11.08,11.03,10.87,10.78,10.36,10.17,9.48,9.3,9.14,8.7,8.39,8.2,8.11,7.9,7.28,6.08,5.75,5.75,5.24
2019-06-28 08:45:00,30.1,17.4,171,5.5,7.6,18.61,18.59,18.53,18.3,17.67,17.34,17.09,16.03,14.93,14.32,14.18,14.03,13.6,12.98,12.55,12.11,11.97,11.73,11.42,11.22,11.1,11.09,11.04,10.82,10.59,10.24,9.88,9.31,9.11,8.68,8.37,8.26,8.19,7.95,7.48,6.39,5.82,5.72,5.25
2019-06-28 09:00:00,30.1,17.2,176,6.3,14.6,18.68,18.66,18.6,18.44,17.77,17.34,16.91,15.82,14.88,14.3,14.17,13.93,13.54,12.81,12.42,12.08,11.81,11.57,11.36,11.25,11.11,11.09,11.06,10.82,10.68,10.26,10.01,9.35,9.21,8.72,8.39,8.28,8.18,7.96,7.38,6.08,5.81,5.75,5.26
2019-06-28 09:15:00,30.1,17.3,170,6.1,9.1,18.71,18.67,18.61,18.34,17.46,17.16,16.6,15.46,14.75,14.34,14.29,14.03,13.66,12.8,12.48,12.14,11.9,11.57,11.43,11.26,11.17,11.09,11.11,10.84,10.73,10.33,10.15,9.46,9.3,8.73,8.39,8.28,8.18,7.96,7.38,5.97,5.8,5.75,5.3
2019-06-28 09:30:00,30.1,17.3,NA,NA,2.8,18.66,18.67,18.64,18.56,17.9,17.2,16.57,15.44,14.79,14.36,14.27,14.04,13.83,12.69,12.26,12.06,11.75,11.53,11.32,11.23,11.11,11.08,11.1,10.83,10.72,10.31,10.13,9.53,9.34,8.74,8.48,8.3,8.22,7.98,7.35,6.11,5.88,5.73,5.41
2019-06-28 09:45:00,30.1,17.5,202,6.2,26,18.52,18.51,18.52,18.4,17.86,17.15,16.3,15.24,14.82,14.4,14.38,14.07,13.59,12.72,12.22,11.87,11.67,11.47,11.35,11.26,11.2,11.07,11.09,10.92,10.73,10.38,10.18,9.84,9.36,8.92,8.6,8.32,8.25,7.99,7.18,6.14,5.89,5.73,5.49
2019-06-28 10:00:00,30.1,17.5,165,5.9,12.7,18.29,18.28,18.22,18.2,18.03,17.27,16.21,15.27,14.57,14.46,14.34,14.17,13.32,12.51,12.14,11.76,11.53,11.41,11.39,11.33,11.23,11.18,11.1,11.05,10.86,10.68,10.2,9.95,9.39,8.89,8.58,8.33,8.24,8.01,7.35,6.18,5.91,5.69,5.56
2019-06-28 10:15:00,30.1,17.6,162,6,5.3,18.23,18.2,18.17,18.15,17.99,17.34,16.24,15.25,14.62,14.48,14.33,14.19,12.9,12.52,12.26,11.9,11.71,11.49,11.41,11.35,11.3,11.19,11.13,11.04,10.98,10.73,10.2,9.99,9.43,8.93,8.54,8.33,8.19,7.95,7.14,6.17,5.81,5.71,5.42
2019-06-28 10:30:00,30.1,17.8,163,6.4,14,18.13,18.13,18.14,18.09,17.91,16.91,15.86,15.02,14.66,14.49,14.4,14.08,12.78,12.45,12.25,11.91,11.66,11.47,11.42,11.36,11.33,11.27,11.2,11.06,10.95,10.85,10.3,10.07,9.46,8.93,8.5,8.33,8.15,7.83,7.21,6.21,5.79,5.55,5.22
2019-06-28 10:45:00,30.1,17.7,158,5.7,6.8,18.11,18.05,18.06,17.97,17.85,16.92,15.88,15.16,14.84,14.55,14.42,14.15,12.82,12.43,12.31,11.99,11.8,11.61,11.5,11.43,11.41,11.35,11.33,11.15,10.95,10.89,10.3,9.9,9.42,8.87,8.45,8.33,8.12,7.55,7.07,6.4,5.93,5.65,5.22
2019-06-28 11:00:00,30.1,18,168,6.1,9.6,18.11,18.06,18.04,18.03,17.82,16.91,16.07,15.43,14.81,14.51,14.42,13.72,12.82,12.45,12.29,11.97,11.79,11.66,11.56,11.52,11.4,11.39,11.33,11.21,11.01,10.9,10.32,9.72,9.41,8.63,8.44,8.29,8.09,7.44,6.73,6.08,5.87,5.63,5.28
2019-06-28 11:15:00,30.1,18.2,177,5.7,10.8,18.1,18.1,18.07,17.95,17.7,16.85,15.7,15.39,14.77,14.57,14.39,13.69,12.96,12.56,12.3,12.01,11.76,11.6,11.59,11.57,11.41,11.37,11.33,11.21,10.95,10.81,10.22,9.55,9.32,8.67,8.44,8.3,8.11,7.49,6.78,6.1,5.79,5.49,5.42
2019-06-28 11:30:00,30.1,18.4,173,5.1,15.4,18.06,18.04,18.03,17.89,17.7,16.95,15.87,15.2,14.96,14.67,14.36,13.69,13.02,12.79,12.36,12.07,11.8,11.63,11.63,11.58,11.43,11.35,11.39,11.28,11.12,10.88,10.18,9.52,9.19,8.62,8.45,8.26,8.12,7.5,6.73,6.05,5.7,5.44,5.22
2019-06-28 11:45:00,30.1,18.4,156,5.6,6.5,18.07,18.05,18.01,17.95,17.62,16.73,15.74,15.16,15.02,14.7,14.41,13.69,12.99,12.7,12.36,12.06,11.8,11.66,11.66,11.61,11.45,11.4,11.39,11.29,11.16,10.83,9.96,9.37,9.09,8.51,8.4,8.22,8.11,7.63,6.79,6.12,5.64,5.37,5
2019-06-28 12:00:00,30.1,18.7,149,5.5,5.9,18.13,18.07,18.04,17.92,17.65,16.35,15.81,15.11,14.91,14.71,14.32,13.37,12.9,12.61,12.43,12.07,11.84,11.7,11.7,11.67,11.53,11.4,11.41,11.32,11.22,10.88,10.02,9.39,9.1,8.52,8.4,8.2,8.07,7.4,6.64,6.11,5.84,5.35,5.02
2019-06-28 12:15:00,30.1,18.7,157,5.1,11.3,18.07,18.05,18.06,17.89,17.18,16.21,15.81,15.22,14.97,14.69,14.22,13.37,12.9,12.62,12.27,12.06,11.79,11.73,11.73,11.72,11.68,11.41,11.42,11.3,11.16,10.45,9.72,9.34,9.04,8.52,8.4,8.18,8.03,7.43,6.73,6.17,5.89,5.3,5
2019-06-28 12:30:00,30.1,18.9,145,4.7,9.9,18.2,18.09,17.98,17.88,17.57,16.33,15.82,15.24,14.95,14.75,14.12,13.39,12.89,12.54,12.25,12.04,11.8,11.78,11.77,11.74,11.71,11.43,11.42,11.28,11.04,10.18,9.44,9.12,8.8,8.5,8.36,8.17,8.04,7.33,6.5,6.18,5.87,5.26,4.98
2019-06-28 12:45:00,30.1,19,159,5.6,11.7,18.16,18.15,18.14,17.97,17.7,16.37,15.75,15.11,14.97,14.89,14.06,13.23,12.8,12.42,12.11,11.96,11.85,11.83,11.8,11.79,11.74,11.39,11.41,11.23,10.85,10.12,9.41,9.14,8.84,8.48,8.37,8.16,8.01,7.25,6.4,6.13,5.82,5.21,5.03
2019-06-28 13:00:00,30.1,19.4,159,5.7,9.9,18.19,18.2,18.15,18.04,17.66,16.31,15.77,15.23,15.1,14.97,14.12,13.18,12.85,12.58,12.31,12.13,11.96,11.88,11.84,11.84,11.59,11.39,11.4,11.16,10.77,10.19,9.43,9.19,8.93,8.5,8.41,8.2,8.02,7.31,6.38,6.17,5.85,5.38,5.09
2019-06-28 13:15:00,30.1,19.6,157,4.5,4.5,18.36,18.23,18.1,18.01,16.59,15.86,15.44,15.22,15.16,14.66,13.6,13.01,12.78,12.34,12.08,11.97,11.9,11.88,11.85,11.84,11.81,11.41,11.4,11.12,10.67,10.11,9.39,9.12,8.86,8.5,8.37,8.19,7.97,7.17,6.33,6.16,5.81,5.39,5.04
2019-06-28 13:30:00,30.1,19.6,160,3.8,18,18.63,18.52,18.26,17.96,16.68,15.9,15.54,15.3,15.26,14.33,13.53,12.96,12.87,12.39,12.18,11.97,11.89,11.86,11.84,11.84,11.78,11.46,11.38,11.22,10.91,10.28,9.46,9.19,8.9,8.5,8.37,8.19,7.75,7.16,6.48,6.25,5.81,5.42,5.11
2019-06-28 13:45:00,30.1,20,149,3.9,11.6,18.7,18.49,18.26,17.98,16.83,15.87,15.64,15.26,15.24,14.18,13.33,12.94,12.52,12.34,12.17,11.93,11.89,11.87,11.84,11.84,11.78,11.36,11.37,11.15,10.68,10.11,9.42,9.14,8.78,8.5,8.37,8.17,7.57,7.06,6.32,6.28,5.78,5.46,5.05
2019-06-28 14:00:00,30.1,19.8,144,3.3,8.2,18.78,18.5,18.32,17.99,16.77,15.82,15.53,15.29,15.24,14.3,13.51,12.94,12.51,12.41,12.16,12.03,11.9,11.87,11.86,11.86,11.78,11.45,11.35,11.17,10.65,10.12,9.44,9.13,8.88,8.51,8.4,8.13,7.49,6.98,6.37,6.25,5.86,5.56,5.05
2019-06-28 14:15:00,30.1,19.8,155,2.7,6.7,18.91,18.56,18.28,17.96,16.42,15.79,15.54,15.33,15.17,14.14,13.23,12.91,12.48,12.39,12.17,12.05,11.9,11.87,11.86,11.82,11.65,11.35,11.35,11.17,10.72,10.3,9.63,9.27,8.97,8.52,8.43,8.25,7.7,7.02,6.43,6.22,5.66,5.42,5.08
2019-06-28 14:30:00,30.1,20.3,177,2.7,7.9,19.08,18.55,18.3,17.96,16.17,15.79,15.59,15.36,15.1,14.22,13.32,12.94,12.6,12.4,12.25,12.08,11.95,11.86,11.83,11.83,11.55,11.3,11.33,11.13,10.67,10.29,9.72,9.29,9.05,8.53,8.45,8.28,7.96,7.27,6.45,6.25,5.88,5.49,5.21
2019-06-28 14:45:00,30.1,20.9,170,3.6,9.5,19.22,18.61,18.31,17.98,16.21,15.8,15.73,15.38,15.15,14.15,13.26,12.91,12.68,12.42,12.27,12.16,12.04,11.87,11.84,11.81,11.45,11.29,11.31,10.99,10.49,10.14,9.58,9.27,9.02,8.54,8.51,8.3,8,7.37,6.65,6.34,6.03,5.65,5.32
2019-06-28 15:00:00,30.1,21.1,166,3.4,6.3,19.23,18.57,18.31,18.03,16.44,15.85,15.83,15.44,15.26,14.38,13.33,12.97,12.65,12.41,12.27,12.15,12.05,11.98,11.87,11.82,11.71,11.31,11.3,11.13,10.61,10.22,9.59,9.28,9.05,8.53,8.48,8.31,7.99,7.34,6.59,6.32,6.08,5.81,5.25
2019-06-28 15:15:00,30.1,21,169,2.6,5.3,19.14,18.56,18.34,17.97,16.3,15.89,15.72,15.55,15.26,14.2,13.36,13.05,12.73,12.46,12.28,12.18,12.04,11.99,11.83,11.8,11.76,11.34,11.31,11.18,10.79,10.28,9.62,9.26,9.13,8.54,8.52,8.32,7.89,7.29,6.58,6.36,6.14,5.92,5.27
2019-06-28 15:30:00,30.1,20.5,155,3,6,19.3,18.67,18.38,17.98,16.41,15.96,15.8,15.53,15.18,14.04,13.38,13.05,12.66,12.52,12.41,12.27,12.18,12.02,11.91,11.82,11.78,11.48,11.3,11.23,10.94,10.35,9.68,9.27,9.12,8.55,8.45,8.2,7.49,7.06,6.52,6.35,6.14,5.82,5.29
2019-06-28 15:45:00,30,20.6,167,2.3,6.9,19.44,18.85,18.4,18,16.53,16.01,15.89,15.6,15.07,13.83,13.4,13.07,12.59,12.45,12.38,12.29,12.18,12.07,12,11.89,11.82,11.78,11.4,11.26,11.11,10.56,9.93,9.4,9.15,8.58,8.53,8.22,7.47,7.05,6.52,6.34,6.06,5.6,5.25
2019-06-28 16:00:00,30.1,21.1,177,2.5,7.6,19.35,18.99,18.46,18.06,16.69,16.08,15.96,15.51,14.97,13.7,13.38,13,12.5,12.45,12.35,12.26,12.19,12.13,12.04,11.95,11.83,11.79,11.37,11.15,10.86,10.34,9.97,9.5,9.25,8.58,8.45,8.22,7.29,6.95,6.51,6.29,5.96,5.71,5.26
2019-06-28 16:15:00,30,20.9,171,2.3,5.3,19.39,18.86,18.41,17.86,16.81,16.12,16.03,15.4,14.82,13.72,13.42,13.06,12.5,12.45,12.38,12.3,12.23,12.18,12.1,11.97,11.83,11.82,11.72,11.23,10.89,10.49,10.15,9.76,9.37,8.78,8.59,8.29,7.77,6.94,6.48,6.24,6.03,5.91,5.32
2019-06-28 16:30:00,30,22,182,1.7,5.5,19.3,18.78,18.45,17.92,17.12,16.26,16.16,15.42,14.75,13.74,13.37,12.84,12.52,12.41,12.37,12.31,12.25,12.22,12.1,11.95,11.88,11.85,11.8,11.16,10.77,10.42,10.16,9.69,9.36,8.88,8.61,8.28,8.03,7.32,6.56,6.15,6.03,5.84,5.48
2019-06-28 16:45:00,30,21.4,187,2.2,7.7,19.17,18.72,18.43,17.87,16.96,16.4,16.24,15.5,14.8,13.85,13.38,12.71,12.57,12.45,12.4,12.33,12.3,12.26,12.23,12.13,11.95,11.9,11.9,11.21,10.81,10.4,10.03,9.61,9.35,8.7,8.54,8.25,8.08,7.31,6.58,6.2,6.02,5.97,5.44
2019-06-28 17:00:00,30,21.1,183,1.6,9.6,19.12,18.68,18.29,17.62,16.66,16.44,16.27,15.44,14.57,13.89,13.4,12.63,12.54,12.42,12.39,12.33,12.28,12.24,12.12,12.02,11.97,11.91,11.85,11.2,10.8,10.41,10.02,9.56,9.32,8.72,8.57,8.24,8.18,7.34,6.6,6.22,5.99,5.99,5.47
2019-06-28 17:15:00,30,20.4,175,2.3,5.2,19.19,18.59,18.34,17.61,16.78,16.48,16.36,15.6,14.8,14.14,13.54,12.78,12.6,12.59,12.43,12.36,12.31,12.26,12.15,12,11.97,11.93,11.9,11.19,10.81,10.33,9.97,9.5,9.24,8.66,8.55,8.24,7.77,6.87,6.63,6.19,5.95,5.92,5.72
2019-06-28 17:30:00,30,21.2,177,2.3,6.2,19.07,18.6,18.25,17.65,16.84,16.56,16.32,15.62,14.7,14.04,13.56,12.75,12.58,12.59,12.49,12.39,12.35,12.3,12.2,12.08,12.01,11.97,11.9,11.14,10.69,10.29,9.92,9.5,9.19,8.66,8.55,8.25,7.78,6.86,6.58,6.21,5.88,5.73,5.18
2019-06-28 17:45:00,30,22,180,2.8,8,19.23,18.72,18.19,17.69,16.81,16.56,16.37,15.61,14.86,14.07,13.51,12.79,12.58,12.58,12.45,12.39,12.34,12.19,12.11,12.1,12.07,11.96,11.83,10.9,10.37,10.11,9.62,9.26,8.92,8.65,8.47,8.25,7.69,6.84,6.52,6.15,5.78,5.65,5.06
2019-06-28 18:00:00,30,22.4,267,2.2,6.8,19.22,18.76,18.28,17.76,16.89,16.59,16.35,15.52,14.82,14.13,13.45,12.91,12.6,12.56,12.55,12.41,12.34,12.18,12.16,12.11,12.06,12,11.85,10.88,10.33,9.95,9.58,9.17,8.86,8.59,8.34,8.25,7.69,6.85,6.37,6.22,5.72,5.6,5.05
2019-06-28 18:15:00,30,23.9,302,2.1,6,19.33,18.88,18.35,17.87,16.98,16.72,16.41,15.64,14.87,14.14,13.41,13.01,12.6,12.61,12.55,12.44,12.37,12.26,12.19,12.15,12.09,11.99,11.9,11.11,10.42,10.12,9.65,9.22,8.89,8.58,8.32,8.05,7.45,6.79,6.31,6.09,5.74,5.56,5.06
2019-06-28 18:30:00,30,23.1,323,2.6,8.5,19.41,18.86,18.29,17.92,16.99,16.75,16.34,15.6,14.83,13.81,13.42,13.04,12.67,12.6,12.57,12.45,12.39,12.24,12.22,12.18,12.14,12.01,11.9,11.21,10.65,10.21,9.77,9.32,8.9,8.53,8.33,7.82,6.97,6.67,6.26,6.01,5.5,5.26,5.01
2019-06-28 18:45:00,30,23,316,3.5,5.5,19.15,18.79,18.17,17.6,16.96,16.69,16.24,15.36,14.6,13.74,13.35,12.92,12.67,12.63,12.59,12.51,12.44,12.34,12.25,12.19,12.16,12.05,11.91,11.25,10.72,10.24,9.86,9.34,8.91,8.53,8.33,7.78,6.89,6.54,6.04,5.88,5.48,5.09,5
2019-06-28 19:00:00,30,23,319,3,6.3,19.18,18.71,18.15,17.21,16.96,16.72,16.09,15.2,14.45,13.85,13.42,12.86,12.67,12.64,12.61,12.49,12.41,12.31,12.28,12.24,12.2,12.16,12.02,11.27,10.77,10.27,9.89,9.37,8.91,8.54,8.32,7.76,6.97,6.51,6.04,5.77,5.5,5.04,4.96
2019-06-28 19:15:00,30,22.7,316,3.1,4.9,19.13,18.74,18.2,17.26,16.98,16.74,15.92,15.05,14.53,13.91,13.33,12.79,12.65,12.63,12.57,12.49,12.4,12.34,12.3,12.29,12.21,12.15,12.04,11.39,10.78,10.24,9.88,9.39,8.94,8.53,8.3,7.32,6.87,6.34,5.93,5.61,5.32,5.06,4.92
2019-06-28 19:30:00,30,22.2,321,1.9,7,19.09,18.8,18.22,17.25,17.03,16.71,15.93,14.99,14.57,13.88,13.28,12.73,12.66,12.65,12.61,12.5,12.43,12.38,12.36,12.31,12.28,12.19,12.02,11.37,10.77,10.2,9.81,9.36,8.98,8.52,8.21,7.26,6.86,6.16,5.81,5.62,5.33,5.13,4.89
2019-06-28 19:45:00,30,21.7,167,1.2,7.1,19.06,18.69,18.1,17.21,17.08,16.6,15.91,15.03,14.6,13.87,13.35,12.93,12.7,12.69,12.66,12.58,12.47,12.4,12.34,12.32,12.28,12.23,11.98,11.23,10.56,9.98,9.57,9.02,8.96,8.51,8.17,7.26,6.77,6.2,5.78,5.62,5.36,5.19,4.86
2019-06-28 20:00:00,30,19.7,154,1.7,4.8,18.9,18.77,18.15,17.31,17.15,16.77,15.98,15,14.51,13.85,13.27,12.85,12.72,12.71,12.67,12.55,12.44,12.36,12.32,12.32,12.24,12.11,11.95,11.24,10.5,9.91,9.58,9,8.88,8.46,8.21,7.35,6.75,6.4,5.84,5.62,5.38,5.18,4.84
2019-06-28 20:15:00,30,19.5,195,0.9,3.8,19,18.71,18.14,17.34,17.17,16.71,16.14,14.94,14.55,13.99,13.33,12.89,12.73,12.7,12.66,12.53,12.44,12.37,12.33,12.33,12.32,12.05,11.92,11.3,10.41,9.89,9.48,9.01,8.91,8.49,8.19,7.34,6.83,6.46,5.94,5.65,5.33,5.17,4.85
2019-06-28 20:30:00,30,19.2,203,0.9,6.6,19.04,18.71,18.19,17.36,17.17,16.74,16.03,15.05,14.56,14.08,13.49,13.13,12.76,12.74,12.64,12.55,12.45,12.39,12.36,12.33,12.28,12.1,11.9,11.25,10.4,9.88,9.34,9.01,8.78,8.49,8.01,7.29,6.79,6.49,6.05,5.66,5.39,5.14,4.78
2019-06-28 20:45:00,30,19.1,302,1,5.7,19.07,18.72,18.23,17.4,17.18,16.74,16.01,15.1,14.53,13.99,13.55,12.97,12.8,12.76,12.63,12.52,12.43,12.39,12.38,12.35,12.28,12.18,11.87,11.22,10.43,9.9,9.49,9.02,8.82,8.52,7.91,7.15,6.71,6.5,5.85,5.64,5.36,5.11,4.76
2019-06-28 21:00:00,30,20.4,292,1.6,5.5,19.08,18.81,18.24,17.42,17.19,16.75,16.07,14.99,14.48,14,13.58,12.98,12.83,12.79,12.69,12.53,12.42,12.38,12.39,12.35,12.3,12.21,11.84,11.2,10.42,9.91,9.52,9.03,8.79,8.45,7.86,7.12,6.81,6.53,5.87,5.67,5.36,5.19,4.86
2019-06-28 21:15:00,30,20.1,223,1.5,6.8,19.14,18.81,18.21,17.35,17.14,16.67,16.08,15.06,14.55,14.01,13.62,13.07,12.86,12.79,12.71,12.54,12.42,12.41,12.4,12.38,12.33,12.02,11.82,11.12,10.31,9.89,9.31,9.04,8.75,8.14,7.85,7.07,6.86,6.44,5.89,5.73,5.38,5.15,4.9
2019-06-28 21:30:00,30,20.1,211,1.4,6.1,19.29,18.77,18.12,17.29,17.15,16.65,16.06,15.15,14.62,14.23,13.7,13.17,12.87,12.8,12.7,12.51,12.46,12.41,12.39,12.36,12.34,12.22,11.83,11.07,10.29,9.89,9.44,9.05,8.76,8.13,7.9,7.08,6.87,6.27,5.87,5.7,5.35,5.17,4.78
2019-06-28 21:45:00,30,19.7,169,1.4,6.6,19.29,18.69,17.98,17.27,17.09,16.63,15.98,14.92,14.63,13.98,13.62,13.13,12.88,12.79,12.68,12.54,12.45,12.42,12.42,12.37,12.34,12.07,11.84,11.02,10.27,9.91,9.34,9.05,8.69,8.14,7.81,7.09,6.77,6.2,5.86,5.65,5.33,5.14,4.75
2019-06-28 22:00:00,30,19.5,114,0.3,5.9,19.22,18.63,18.01,17.29,16.95,16.62,16.06,15.3,14.66,14.3,13.77,13.24,12.88,12.77,12.62,12.52,12.48,12.44,12.43,12.36,12.32,11.82,11.37,10.63,10.01,9.88,9.15,8.85,8.64,8.18,7.77,7.12,6.91,6.23,5.9,5.68,5.36,5.09,4.79
2019-06-28 22:15:00,30,19.6,263,0.5,5.7,19.2,18.62,17.95,17.34,17.06,16.77,16.22,15.42,14.87,14.54,13.73,13.18,12.89,12.76,12.6,12.5,12.47,12.43,12.42,12.37,12.15,11.81,11.25,10.63,10.09,9.89,9.14,8.8,8.66,8.23,7.44,7.13,6.8,6.14,5.89,5.65,5.26,5.03,4.75
2019-06-28 22:30:00,30,19.6,130,0.4,6.8,19.2,18.61,17.81,17.32,17.03,16.66,16.15,15.44,14.86,14.53,13.65,13.27,12.91,12.77,12.65,12.5,12.47,12.46,12.44,12.38,11.99,11.72,11.05,10.55,10.06,9.79,9.12,8.72,8.36,8.16,7.3,7.18,6.77,6.04,5.91,5.64,5.23,5.01,4.76
2019-06-28 22:45:00,30,20.1,278,4.2,4.6,19.21,18.51,17.76,17.27,16.94,16.59,16.08,15.44,14.83,14.55,13.6,13.21,12.9,12.74,12.63,12.53,12.48,12.46,12.45,12.39,11.93,11.69,11.09,10.68,10.07,9.69,9.12,8.72,8.38,8.19,7.29,7.11,6.78,6.19,5.89,5.58,5.21,5.03,4.73
2019-06-28 23:00:00,30,20.3,274,5.5,7.1,19.08,18.62,17.81,17.32,16.96,16.62,16.06,15.46,14.91,14.47,13.69,13.28,13,12.78,12.63,12.57,12.48,12.46,12.43,12.28,11.87,11.52,11.04,10.57,10.04,9.52,9.05,8.7,8.4,8.07,7.26,6.99,6.63,6.04,5.74,5.53,5.2,4.95,4.76
2019-06-28 23:15:00,30,20.2,295,4.3,8.3,18.93,18.76,17.9,17.29,16.91,16.38,15.76,15.11,14.66,13.82,13.51,13.2,12.93,12.84,12.67,12.58,12.49,12.46,12.46,12.42,11.97,11.56,11.06,10.71,10.08,9.7,9.12,8.73,8.44,8.22,7.23,6.98,6.62,6.01,5.69,5.51,5.28,5.14,4.8
2019-06-28 23:30:00,30,19,133,2.7,5.6,18.88,18.8,17.97,17.28,16.87,16.36,15.74,15.14,14.74,13.88,13.35,13.09,12.9,12.76,12.66,12.55,12.47,12.45,12.46,12.44,11.91,11.42,11.01,10.39,10.05,9.58,9.11,8.51,8.47,8.22,7.14,6.86,6.43,6,5.64,5.47,5.26,5.16,4.77
2019-06-28 23:45:00,30,18.9,114,2.4,7.1,18.88,18.83,18.3,17.33,16.93,16.49,15.84,15.18,14.8,14.14,13.31,13.07,12.9,12.76,12.65,12.56,12.48,12.46,12.46,12.46,12.06,11.5,11.02,10.45,10.03,9.5,9.08,8.5,8.51,7.84,7.09,6.83,6.26,5.97,5.69,5.48,5.31,5.21,4.82
2019-06-29 00:00:00,30,18.9,140,2.4,7,18.9,18.84,18.48,17.31,16.78,16.32,15.71,15.2,14.7,13.7,13.15,13.01,12.87,12.66,12.59,12.54,12.49,12.46,12.47,12.46,11.97,11.59,11.06,10.65,10.03,9.47,8.8,8.53,8.55,7.71,7.05,6.86,6.21,5.96,5.75,5.45,5.29,5.21,4.79
2019-06-29 00:15:00,30,19.5,148,2.5,7.3,18.91,18.86,18.71,17.47,16.98,16.55,15.83,15.35,14.93,14.09,13.21,13.05,12.91,12.7,12.63,12.53,12.5,12.49,12.49,12.49,11.95,11.53,11.06,10.7,10.1,9.49,8.73,8.57,8.54,7.98,7.06,6.85,6.2,5.96,5.71,5.4,5.25,5.04,4.78
2019-06-29 00:30:00,30,19.1,144,4.5,6.3,18.92,18.91,18.75,17.52,16.92,16.52,15.93,15.3,14.88,13.71,13.12,13.01,12.9,12.72,12.65,12.58,12.52,12.49,12.49,12.49,12.15,11.6,11.05,10.76,10.07,9.4,8.71,8.57,8.54,7.99,7.1,6.83,6.17,5.97,5.72,5.39,5.2,4.94,4.75
2019-06-29 00:45:00,30,18.8,159,4,6.4,18.94,18.92,18.82,17.57,16.95,16.5,15.88,15.3,15.06,13.59,13.08,13,12.84,12.7,12.64,12.58,12.54,12.51,12.5,12.5,11.94,11.51,11.06,10.71,10.01,9.33,8.67,8.58,8.55,8.07,7.27,6.86,6.53,5.98,5.8,5.41,5.22,4.91,4.74
2019-06-29 01:00:00,30.1,18.4,252,3.9,6.6,18.95,18.94,18.84,17.68,17,16.49,15.79,15.25,15.01,13.38,13.1,13.01,12.89,12.7,12.65,12.6,12.56,12.55,12.53,12.51,12.03,11.46,11.08,10.76,10.14,9.27,8.7,8.57,8.54,8.11,7.5,6.88,6.62,5.98,5.84,5.45,5.22,4.84,4.71
2019-06-29 01:15:00,30.1,17.9,202,1.4,6.6,18.95,18.95,18.85,18.24,17.11,16.43,15.72,15.24,14.62,13.36,13.12,13.06,12.97,12.74,12.7,12.63,12.57,12.55,12.54,12.51,12.12,11.55,11.11,10.61,9.95,8.9,8.71,8.59,8.55,8.02,7.41,6.86,6.71,6.09,5.86,5.49,5.19,4.87,4.7
2019-06-29 01:30:00,30,16.4,98,2.5,5.4,18.95,18.95,18.92,18.61,17.13,16.44,15.6,15.13,14.27,13.35,13.12,13.04,12.96,12.81,12.71,12.63,12.58,12.56,12.53,12.49,11.97,11.46,11.09,10.66,9.6,8.89,8.73,8.61,8.53,8.08,7.36,6.89,6.63,6.06,5.83,5.48,5.17,4.72,4.66
2019-06-29 01:45:00,30,16.8,113,4.6,5.1,18.96,18.95,18.93,18.43,17.03,16.36,15.72,15.34,14.1,13.37,13.18,13.03,12.95,12.82,12.69,12.63,12.59,12.57,12.56,12.38,11.83,11.12,10.93,10.49,8.92,8.8,8.66,8.48,8.18,8.05,7.19,6.82,6.42,5.96,5.76,5.38,5.07,4.69,4.63
2019-06-29 02:00:00,30,16.9,121,5,5,18.96,18.95,18.89,18.32,16.95,16.32,15.88,15.07,14.23,13.44,13.18,13.03,12.88,12.8,12.72,12.64,12.59,12.57,12.58,12.37,11.88,11.12,10.84,9.97,8.83,8.77,8.52,8.2,8.2,7.88,7.05,6.79,6.22,5.91,5.64,5.34,4.77,4.64,4.61
2019-06-29 02:15:00,30,16.9,142,5.5,5,18.97,18.97,18.96,18.67,17.06,16.39,15.95,15,14.26,13.4,13.14,13.02,12.85,12.78,12.67,12.62,12.59,12.56,12.56,12.2,11.72,11.11,10.84,10.02,8.83,8.78,8.49,8.22,8.21,7.96,7,6.77,6.26,5.9,5.57,5.15,4.7,4.63,4.61
2019-06-29 02:30:00,30,16.9,150,2.7,7.9,18.97,18.96,18.97,18.74,17.09,16.34,15.59,14.87,13.81,13.36,13.15,13.03,12.86,12.73,12.68,12.63,12.56,12.55,12.56,12.01,11.29,10.99,10.7,9.21,8.85,8.78,8.54,8.26,8.25,7.9,7.02,6.72,6.29,5.89,5.55,5.14,4.64,4.62,4.61
2019-06-29 02:45:00,30,16.9,180,2.4,6.7,19,19,18.98,18.56,16.96,16.37,15.41,14.86,13.74,13.36,13.11,13.05,12.85,12.7,12.69,12.62,12.59,12.58,12.59,11.95,11.15,10.88,10.31,8.97,8.83,8.73,8.49,8.27,8.27,7.54,7,6.67,6.28,5.91,5.58,5.14,4.66,4.63,4.61
2019-06-29 03:00:00,30,16.8,267,2.3,8.9,18.99,18.99,18.97,17.98,16.71,16.47,15.5,14.86,13.65,13.24,13.08,12.96,12.73,12.69,12.68,12.65,12.61,12.59,12.6,11.82,11.14,10.92,10.1,8.89,8.79,8.6,8.32,8.28,8.28,7.55,6.85,6.63,6.37,5.97,5.65,5.11,4.63,4.62,4.61
2019-06-29 03:15:00,30,17.3,237,3.4,8.3,18.99,18.98,18.96,17.53,16.93,16.51,15.48,14.72,13.6,13.19,13.08,12.9,12.75,12.69,12.7,12.66,12.64,12.59,12.09,11.53,11.13,10.68,9.19,8.88,8.76,8.58,8.32,8.29,8.25,7.36,6.75,6.47,6.14,5.89,5.56,5.13,4.66,4.62,4.61
2019-06-29 03:30:00,30,17.4,238,4.9,11,18.97,18.97,18.94,17.87,16.93,16.47,15.45,14.72,13.57,13.18,13.08,12.92,12.74,12.7,12.7,12.67,12.65,12.64,12.13,11.35,11.1,10.16,8.95,8.79,8.59,8.49,8.31,8.24,8.07,7,6.68,6.44,6.07,5.82,5.4,5.09,4.66,4.62,4.61
2019-06-29 03:45:00,30,16.8,237,4.2,8.7,18.96,18.96,18.92,17.68,16.98,16.5,15.47,14.76,13.78,13.21,13.08,12.93,12.73,12.71,12.71,12.69,12.67,12.65,11.97,11.23,10.97,10.06,8.94,8.76,8.57,8.49,8.33,8.25,8.04,6.95,6.62,6.39,5.94,5.79,5.32,4.89,4.59,4.62,4.61
2019-06-29 04:00:00,30,16,252,1.9,7.6,18.94,18.94,18.96,17.98,16.99,16.5,15.48,14.8,13.73,13.16,13.02,12.89,12.73,12.73,12.73,12.7,12.67,12.59,11.89,11.22,10.93,10.05,8.94,8.72,8.57,8.42,8.35,8.17,7.93,6.92,6.51,6.34,5.89,5.69,5.32,4.98,4.59,4.62,4.61
2019-06-29 04:15:00,30,15.6,173,1.3,7.1,18.91,18.91,18.91,17.68,16.99,15.87,15.47,14.83,13.68,13.17,13.04,12.88,12.77,12.74,12.74,12.72,12.68,12.65,11.91,11.28,10.9,10.01,8.92,8.72,8.5,8.44,8.28,8.02,7.96,6.88,6.5,6.24,5.86,5.77,5.32,5.08,4.71,4.63,4.61
2019-06-29 04:30:00,30,15.8,200,2.3,6.9,18.88,18.87,18.89,17.94,17.08,16.57,15.51,14.81,13.71,13.18,13.07,12.89,12.75,12.75,12.74,12.72,12.7,12.65,11.84,11.22,10.81,9.8,8.94,8.72,8.52,8.46,8.21,7.99,7.83,6.76,6.47,6.03,5.87,5.77,5.36,5.1,4.74,4.63,4.61
2019-06-29 04:45:00,30,16.1,156,4.9,7.3,18.84,18.84,18.86,17.58,17.11,15.85,15.52,14.72,13.74,13.2,13.11,12.9,12.78,12.76,12.77,12.74,12.7,12.51,11.76,11.2,10.76,9.55,8.96,8.65,8.49,8.37,8.17,8.07,7.8,6.76,6.33,5.94,5.85,5.62,5.28,5.12,4.76,4.63,4.61
2019-06-29 05:00:00,30,15.8,NA,NA,8.6,18.82,18.82,18.83,17.48,17.15,15.99,15.56,14.71,13.94,13.26,13.11,12.93,12.78,12.79,12.8,12.76,12.72,12.42,11.77,11.2,10.45,9.19,8.88,8.62,8.51,8.41,8.16,7.83,7.73,6.72,6.31,6.04,5.84,5.56,5.15,5.07,4.75,4.63,4.61
2019-06-29 05:15:00,30,16,147,5.3,9.4,18.8,18.8,18.7,17.54,17.16,15.89,15.56,14.68,13.77,13.23,13.11,12.96,12.81,12.8,12.8,12.77,12.74,12.71,11.94,11.26,10.6,9.23,8.91,8.65,8.55,8.45,8.17,7.84,7.75,6.64,6.3,6.01,5.85,5.6,5.12,5.04,4.73,4.63,4.61
2019-06-29 05:30:00,30,16.1,152,4.4,5.1,18.77,18.76,18.65,17.66,17.21,15.74,15.47,14.67,13.58,13.23,13.09,12.94,12.82,12.82,12.82,12.79,12.75,12.69,11.79,11.23,10.37,9.17,8.89,8.67,8.57,8.38,7.97,7.76,7.51,6.55,6.31,6.03,5.84,5.51,5.08,4.98,4.73,4.63,4.61
2019-06-29 05:45:00,30,15.9,196,3.8,7.6,18.74,18.73,18.69,18.01,17.36,15.91,15.54,14.7,13.46,13.23,13.1,12.94,12.83,12.82,12.82,12.8,12.76,12.55,11.89,11.28,10.48,9.24,8.94,8.7,8.59,8.46,7.93,7.74,7.57,6.62,6.32,5.99,5.84,5.45,5.07,4.92,4.73,4.65,4.61
2019-06-29 06:00:00,30,15.9,178,4.3,7.8,18.68,18.68,18.68,17.96,17.37,15.87,15.19,14.67,13.52,13.23,13.14,12.97,12.86,12.84,12.83,12.81,12.78,12.75,12.14,11.33,10.62,9.27,8.97,8.74,8.62,8.5,8.02,7.74,7.45,6.62,6.32,6.05,5.85,5.43,5.05,4.83,4.74,4.63,4.61
2019-06-29 06:15:00,30,16,185,4.3,7.2,18.65,18.64,18.43,18.07,17.5,15.96,15.37,14.7,13.73,13.24,13.13,12.99,12.89,12.87,12.85,12.82,12.8,12.77,12.27,11.66,10.86,9.66,9.03,8.88,8.73,8.61,8.12,7.79,7.48,6.58,6.31,6.01,5.86,5.46,5.04,4.8,4.69,4.63,4.61
2019-06-29 06:30:00,30,16,185,3.6,5.5,18.62,18.53,18.52,18.17,17.26,15.93,15.37,14.72,13.83,13.25,13.14,13.06,12.92,12.89,12.86,12.83,12.8,12.78,12.23,11.53,10.54,9.4,9.05,8.86,8.7,8.62,8.15,7.78,7.44,6.59,6.28,5.97,5.85,5.31,5,4.83,4.76,4.63,4.62
2019-06-29 06:45:00,30,16,188,3.9,8.8,18.56,18.51,18.34,18.11,17.45,15.92,15.18,14.73,13.76,13.26,13.13,13.02,12.9,12.91,12.88,12.83,12.81,12.79,12.27,11.68,10.55,9.53,9.06,8.86,8.73,8.35,7.96,7.7,7.45,6.49,6.25,5.96,5.8,5.29,5.04,4.83,4.71,4.63,4.62
2019-06-29 07:00:00,30,16,174,2.8,7.3,18.49,18.43,18.3,18.15,17.65,16.26,15.54,14.85,13.8,13.32,13.2,13.04,12.94,12.93,12.92,12.86,12.82,12.8,12.28,11.66,10.47,9.52,8.98,8.78,8.64,8.27,8.03,7.65,7.32,6.44,6.24,5.93,5.78,5.22,5.05,4.85,4.73,4.63,4.62
2019-06-29 07:15:00,30,16.2,165,3,1.9,18.46,18.46,18.42,18.21,17.49,15.9,15.03,14.69,13.73,13.51,13.28,13.11,12.98,12.95,12.94,12.88,12.83,12.8,12.3,11.66,10.54,9.66,8.99,8.81,8.57,8.22,7.93,7.61,7.27,6.42,6.21,5.92,5.81,5.31,5.06,4.89,4.78,4.64,4.62
2019-06-29 07:30:00,30,16.4,182,3.8,6.4,18.53,18.51,18.49,18.39,17.82,15.99,14.94,14.78,13.73,13.62,13.43,13.27,13.1,12.99,12.97,12.91,12.85,12.81,12.59,11.77,10.58,9.82,9,8.84,8.5,8.22,7.8,7.49,7.06,6.36,6.17,5.93,5.88,5.36,5.04,4.92,4.87,4.64,4.62
2019-06-29 07:45:00,30,16.6,164,3.9,2.5,18.55,18.53,18.47,18.25,17.4,15.84,14.99,14.86,13.83,13.64,13.57,13.31,13.19,13.05,13,12.94,12.89,12.82,12.34,11.63,10.36,9.66,9.02,8.83,8.41,8.03,7.74,7.39,7.01,6.38,6.23,5.95,5.9,5.47,5.07,5,4.94,4.73,4.62
2019-06-29 08:00:00,30,16.6,177,4.7,0.6,18.54,18.51,18.44,18.11,17.18,15.76,14.88,14.69,14.37,13.65,13.62,13.42,13.25,13.16,13.03,12.98,12.9,12.82,12.19,11.5,10.24,9.43,9.02,8.84,8.52,8.32,7.77,7.34,7.03,6.39,6.2,5.96,5.91,5.58,5.06,5.03,4.95,4.79,4.62
2019-06-29 08:15:00,30,16.8,176,5,2.3,18.53,18.48,18.43,18.15,17.27,15.76,14.71,14.5,14.12,13.66,13.62,13.36,13.23,13.14,13.03,12.98,12.9,12.8,11.96,11.32,10.01,9.43,9.04,8.82,8.6,8.44,7.88,7.47,7.04,6.45,6.27,5.96,5.92,5.69,5.12,5.03,4.98,4.87,4.62
2019-06-29 08:30:00,30,16.8,161,5.6,1.8,18.48,18.44,18.33,18.04,17.12,15.79,15.11,14.71,14.01,13.67,13.61,13.36,13.23,13.13,13.04,12.98,12.91,12.76,11.98,11.28,9.86,9.09,8.99,8.79,8.64,8.28,7.76,7.19,7.01,6.5,6.28,6.01,5.93,5.59,5.18,5.09,5.02,4.92,4.62
2019-06-29 08:45:00,30,16.8,164,5.1,1.2,18.49,18.46,18.36,18.19,16.29,15.78,15.16,14.39,13.71,13.66,13.49,13.31,13.2,13.11,13.06,12.99,12.9,12.63,12.03,11.13,9.71,9.1,9.02,8.79,8.66,8.26,7.85,7.06,6.77,6.36,6.28,5.95,5.91,5.42,5.17,5.02,4.97,4.89,4.63
2019-06-29 09:00:00,30,16.5,155,5.4,4.8,18.46,18.42,18.45,18.1,16.02,15.56,15.22,14.72,14.14,13.83,13.65,13.29,13.16,13.08,13.06,12.98,12.88,12.76,12.04,10.77,9.54,9.08,8.93,8.73,8.62,8.16,7.76,7.07,6.77,6.37,6.29,5.97,5.88,5.48,5.16,5.02,5,4.89,4.63
2019-06-29 09:15:00,30,16.5,153,6.1,2.4,18.48,18.45,18.31,17.5,15.97,15.44,15.26,14.55,13.77,13.69,13.45,13.27,13.19,13.1,13.04,12.92,12.86,12.72,12.09,10.75,9.6,9.11,8.95,8.73,8.6,8.42,7.87,7.13,6.98,6.47,6.3,5.99,5.95,5.59,5.18,5.06,5.02,4.95,4.64
2019-06-29 09:30:00,30,16.8,160,4.7,7.8,18.48,18.45,18.36,17.78,16.05,15.5,15,14.64,13.71,13.65,13.32,13.23,13.09,13.08,13.02,12.91,12.88,12.65,12.12,10.54,9.49,9.05,8.94,8.72,8.59,8.49,8.03,7.36,7.04,6.45,6.28,6.01,5.88,5.57,5.15,5.04,5.01,5,4.7
2019-06-29 09:45:00,29.9,17.2,157,6.5,7,18.51,18.48,18.42,17.99,15.94,15.46,15.12,14.42,13.72,13.68,13.44,13.26,13.11,13.08,13.04,12.94,12.9,12.84,12.38,11.04,9.57,9.1,8.98,8.74,8.58,8.52,8.09,7.41,7.02,6.4,6.25,6.03,5.78,5.38,5.14,5.1,5.02,5.04,4.63
2019-06-29 10:00:00,29.9,17,151,4.8,9.3,18.53,18.5,18.49,17.9,16.1,15.56,15,14.2,13.73,13.65,13.38,13.22,13.1,13.09,13.06,12.95,12.92,12.83,12.25,10.59,9.27,9.07,9.01,8.68,8.53,8.47,8.1,7.4,6.91,6.38,6.27,6.04,5.74,5.42,5.13,5.06,5.01,4.94,4.64
2019-06-29 10:15:00,29.9,17.1,157,5.7,357.9,18.55,18.54,18.43,17.65,15.88,15.41,14.83,13.97,13.71,13.63,13.32,13.26,13.12,13.11,13.07,13,12.93,12.78,12.25,10.11,9.27,9.07,8.88,8.62,8.52,8.51,8.13,7.46,7.03,6.42,6.28,6.07,5.73,5.45,5.09,5.09,5.02,4.94,4.64
2019-06-29 10:30:00,29.9,17.2,157,5.5,5.2,18.56,18.53,18.53,17.98,15.84,15.27,14.69,13.81,13.7,13.62,13.35,13.27,13.16,13.14,13.1,13.04,12.96,12.91,12.51,11.06,9.32,9.06,8.79,8.59,8.54,8.46,8.06,7.4,7.08,6.46,6.23,6.02,5.72,5.41,5.08,5.06,5.02,4.8,4.63
2019-06-29 10:45:00,29.9,17.3,158,5.5,12.9,18.58,18.58,18.57,18.4,16.26,15.43,14.69,13.8,13.7,13.65,13.35,13.26,13.19,13.15,13.11,13.03,12.98,12.93,12.53,10.65,9.31,9.02,8.76,8.55,8.5,8.19,7.61,7.22,7.2,6.46,6.21,6.03,5.68,5.39,5.08,5.03,5.01,4.74,4.63
2019-06-29 11:00:00,29.9,17.6,157,5,3,18.59,18.56,18.54,18.43,16.26,15.46,14.5,13.79,13.72,13.66,13.41,13.26,13.21,13.16,13.13,13.07,13,12.93,12.51,10.18,9.14,8.9,8.7,8.6,8.48,8.18,7.64,7.25,7.25,6.48,6.26,6.07,5.71,5.5,5.09,5.02,4.98,4.68,4.64
2019-06-29 11:15:00,29.9,17.7,165,5,9.1,18.66,18.62,18.57,18.36,17.03,15.59,14.67,13.82,13.72,13.68,13.38,13.28,13.24,13.19,13.14,13.09,13.01,12.96,12.52,10.62,9.2,8.91,8.71,8.66,8.51,7.93,7.68,7.31,7.28,6.58,6.39,6.11,5.82,5.67,5.12,5.02,4.81,4.66,4.64
2019-06-29 11:30:00,29.9,17.5,166,4.4,9.7,18.65,18.62,18.58,18.45,17.29,15.58,14.58,13.76,13.71,13.65,13.38,13.29,13.25,13.21,13.16,13.12,13.01,12.98,12.53,10.71,9.26,8.81,8.77,8.68,8.47,7.92,7.55,7.31,7.15,6.52,6.35,6.1,5.83,5.72,5.34,5.06,4.99,4.68,4.64
2019-06-29 11:45:00,29.9,18.2,154,4.4,15.7,18.69,18.65,18.63,18.41,16.7,15.53,14.28,13.74,13.71,13.6,13.37,13.29,13.25,13.24,13.18,13.11,13,12.95,12.43,9.54,8.96,8.85,8.75,8.61,8.26,7.85,7.39,7.14,6.8,6.51,6.26,6.1,5.8,5.64,5.26,5.03,4.86,4.67,4.64
2019-06-29 12:00:00,29.9,18.4,166,3.7,8.8,18.73,18.7,18.64,18.49,17.3,15.34,13.95,13.74,13.71,13.56,13.35,13.31,13.29,13.27,13.19,13.13,13.01,12.96,12.47,9.57,8.94,8.89,8.77,8.62,8.24,7.84,7.49,7.21,6.94,6.53,6.29,6.09,5.88,5.72,5.43,5.07,4.93,4.67,4.64
2019-06-29 12:15:00,29.9,18,155,4.1,10.1,18.75,18.7,18.64,18.5,17.64,15.73,13.92,13.75,13.73,13.54,13.36,13.32,13.29,13.28,13.21,13.14,13.01,12.9,12.55,9.26,8.93,8.79,8.76,8.43,8,7.61,7.35,7.14,6.8,6.39,6.18,6.07,5.81,5.69,5.29,5.05,4.91,4.66,4.64
2019-06-29 12:30:00,29.9,17.8,149,3.4,6.9,18.75,18.68,18.64,18.52,18.08,15.84,14.9,13.74,13.72,13.46,13.35,13.33,13.32,13.31,13.25,13.16,13.02,12.9,12.25,9.42,8.86,8.78,8.71,8.1,7.74,7.6,7.4,7.31,6.84,6.41,6.14,6.06,5.8,5.69,5.24,5.05,4.9,4.67,4.64
2019-06-29 12:45:00,29.9,18.2,170,3.9,10.4,18.76,18.71,18.67,18.49,17.73,15.87,14.31,13.75,13.7,13.39,13.34,13.33,13.33,13.32,13.26,13.17,13.06,12.92,11.83,9.26,8.83,8.73,8.46,7.89,7.68,7.62,7.44,7.28,6.9,6.43,6.12,6.08,5.76,5.65,5.23,5.05,4.9,4.68,4.65
2019-06-29 13:00:00,29.9,18,160,3.5,8.2,18.71,18.69,18.66,18.59,18.38,16.69,15.51,13.87,13.73,13.5,13.37,13.34,13.34,13.35,13.32,13.21,13.14,12.99,12.22,9.26,8.84,8.71,8.17,7.85,7.79,7.58,7.46,7.03,6.75,6.34,6.11,6.04,5.76,5.69,5.26,5.07,5,4.7,4.65
2019-06-29 13:15:00,29.9,17.8,150,2.1,9.7,18.8,18.76,18.69,18.57,18.24,16.6,15.43,13.87,13.76,13.45,13.37,13.36,13.35,13.36,13.33,13.23,13.16,13.01,12.14,9.33,8.86,8.75,8.25,7.92,7.74,7.67,7.47,7.01,6.72,6.32,6.1,6.04,5.87,5.76,5.43,5.16,5.06,4.86,4.65
2019-06-29 13:30:00,29.9,17.9,175,1.4,8,18.84,18.81,18.76,18.59,18.18,16.64,15.68,13.87,13.77,13.4,13.37,13.36,13.35,13.37,13.34,13.27,13.18,13.03,12.12,9.01,8.88,8.74,8.3,8.03,7.75,7.68,7.53,7.13,6.76,6.32,6.08,6.03,5.89,5.78,5.65,5.24,5.07,5.03,4.66
2019-06-29 13:45:00,29.9,18.3,128,1.8,9.1,18.86,18.79,18.76,18.61,18.05,16.42,15.03,13.85,13.79,13.45,13.38,13.36,13.36,13.34,13.34,13.24,13.16,13.01,11.3,8.92,8.81,8.6,8.28,8.12,7.74,7.6,7.52,7.1,6.75,6.33,6.08,6.01,5.85,5.77,5.6,5.22,5.06,4.92,4.66
2019-06-29 14:00:00,29.9,18.7,138,2.1,10.4,18.87,18.81,18.78,18.61,17.79,16.23,14.34,13.86,13.77,13.41,13.39,13.38,13.33,13.33,13.33,13.26,13.17,12.99,10.32,8.93,8.78,8.39,8.29,8.19,7.72,7.58,7.32,6.89,6.62,6.14,6.06,5.98,5.83,5.76,5.46,5.21,5.06,4.74,4.65
2019-06-29 14:15:00,29.9,18.9,144,2.6,7.9,18.91,18.81,18.79,18.57,17.65,16.27,14.38,13.91,13.78,13.43,13.4,13.39,13.34,13.34,13.34,13.25,13.13,12.94,9.71,8.91,8.66,8.35,8.33,7.95,7.67,7.54,7.21,6.74,6.63,6.2,6.05,5.96,5.83,5.66,5.29,5.18,5.05,4.75,4.66
2019-06-29 14:30:00,29.9,19.1,162,2.9,5.5,19.18,18.84,18.78,18.46,17.62,16.19,14.39,13.86,13.72,13.55,13.4,13.36,13.33,13.34,13.34,13.26,13.11,12.84,9.33,8.87,8.68,8.38,8.38,7.85,7.62,7.54,7.2,6.75,6.61,6.3,6.04,5.99,5.83,5.72,5.29,5.14,5.04,4.78,4.66
2019-06-29 14:45:00,29.9,18.4,166,2.4,6.9,19.09,18.85,18.81,18.62,17.61,16.09,14.24,13.8,13.7,13.43,13.41,13.34,13.32,13.34,13.33,13.23,13.07,12.47,9.28,8.85,8.67,8.41,8.39,7.86,7.66,7.5,7.28,6.87,6.66,6.32,6.04,5.97,5.82,5.75,5.31,5.12,5.03,4.75,4.66
2019-06-29 15:00:00,29.9,18.8,168,2.4,8.3,19.15,18.87,18.81,18.64,17.61,16.35,14.38,13.77,13.62,13.44,13.41,13.33,13.32,13.34,13.33,13.22,13.05,12.31,11.56,8.93,8.71,8.47,8.26,7.77,7.58,7.43,7.24,6.86,6.63,6.28,6.04,5.94,5.82,5.77,5.32,5.09,5.02,4.74,4.66
2019-06-29 15:15:00,29.8,19.6,166,1.9,8.3,19.3,18.92,18.83,18.63,17.62,15.95,14.15,13.74,13.53,13.46,13.42,13.37,13.33,13.35,13.3,13.13,13.04,12.41,11.43,8.93,8.68,8.59,8.31,7.93,7.7,7.54,7.34,7.22,6.72,6.32,6.04,5.96,5.83,5.79,5.36,5.08,4.95,4.72,4.66
2019-06-29 15:30:00,29.8,19.5,134,2.6,7,19.32,18.93,18.85,18.67,17.65,15.98,14.23,13.71,13.46,13.43,13.43,13.42,13.35,13.36,13.31,13.16,13.07,12.51,9.71,8.87,8.64,8.27,8.01,7.73,7.57,7.44,7.25,7.02,6.67,6.24,6.04,5.96,5.8,5.75,5.29,5.06,4.77,4.68,4.66
2019-06-29 15:45:00,29.8,19.8,151,2.9,8.4,19.45,18.96,18.87,18.67,17.68,16.58,14.52,13.79,13.46,13.44,13.44,13.43,13.41,13.38,13.34,13.23,12.92,12.36,9.66,8.89,8.64,8.49,8.25,8.05,7.7,7.52,7.4,7.2,6.86,6.33,6.06,5.95,5.81,5.69,5.24,5.04,4.71,4.68,4.67
2019-06-29 16:00:00,29.8,19.9,147,3.1,7.5,19.55,18.94,18.84,18.63,17.71,16.6,14.6,13.8,13.46,13.44,13.45,13.44,13.43,13.4,13.39,13.3,13.12,11.57,10.05,8.94,8.67,8.6,8.28,7.96,7.7,7.52,7.36,7.22,6.73,6.33,6.09,5.93,5.82,5.67,5.14,5.02,4.71,4.68,4.67
2019-06-29 16:15:00,29.8,20.1,157,2.3,8,19.71,19.1,18.87,18.57,17.68,16.36,14.35,13.76,13.46,13.45,13.45,13.44,13.43,13.4,13.38,13.17,12.73,11.55,10.06,8.94,8.7,8.61,8.32,8.07,7.73,7.62,7.42,7.26,6.96,6.37,6.12,5.98,5.84,5.69,5.32,5.04,4.77,4.68,4.67
2019-06-29 16:30:00,29.8,20.4,173,2.2,8.3,19.69,19.02,18.84,18.63,17.82,16.44,14.56,13.81,13.49,13.46,13.46,13.45,13.45,13.42,13.4,13.19,12.65,11.5,10,8.95,8.69,8.44,8.3,8,7.69,7.58,7.36,7.24,7.12,6.38,6.09,5.93,5.83,5.67,5.26,5.01,4.72,4.68,4.67
2019-06-29 16:45:00,29.8,20.7,159,2.6,6.7,19.65,19.08,18.84,18.11,17.41,16.03,14.19,13.7,13.48,13.46,13.47,13.46,13.46,13.43,13.39,13.19,12.64,11.52,10.02,9.02,8.71,8.44,8.33,7.98,7.71,7.59,7.4,7.25,7.22,6.49,6.11,5.92,5.85,5.68,5.17,4.86,4.71,4.68,4.67
2019-06-29 17:00:00,29.8,20.8,168,1.9,7.3,19.8,18.99,18.88,18.72,17.82,16.19,14.62,13.82,13.54,13.48,13.47,13.46,13.47,13.45,13.38,13.18,12.66,11.45,10.03,8.95,8.65,8.41,8.33,8.08,7.69,7.56,7.45,7.27,7.25,6.46,6.12,5.91,5.81,5.57,5.04,4.81,4.7,4.68,4.67
2019-06-29 17:15:00,29.8,20.4,184,1.9,8.9,19.59,19.05,18.86,18.33,17.53,15.73,14.31,13.81,13.63,13.5,13.48,13.47,13.47,13.48,13.4,13.19,12.64,11.85,10.07,9.09,8.65,8.43,8.36,8.02,7.61,7.52,7.43,7.28,7.27,6.51,6.14,5.92,5.83,5.65,5.11,4.94,4.75,4.68,4.67
2019-06-29 17:30:00,29.8,20.6,189,2.4,8.4,19.59,18.96,18.88,18.6,17.68,15.94,14.7,13.93,13.69,13.52,13.48,13.47,13.48,13.5,13.41,13.2,12.64,12.03,10,9.3,8.76,8.4,8.24,7.86,7.57,7.48,7.36,7.29,7.26,6.6,6.19,5.94,5.87,5.66,5.27,4.99,4.78,4.69,4.67
2019-06-29 17:45:00,29.8,19.8,198,2.1,7.5,19.75,19.11,18.86,18.71,17.79,15.79,14.61,14.11,13.84,13.53,13.5,13.48,13.48,13.5,13.44,13.2,12.48,11.27,9.84,9.12,8.81,8.42,8.14,7.65,7.52,7.47,7.35,7.3,7.25,6.63,6.22,6.04,5.86,5.67,5.22,4.98,4.81,4.7,4.67
2019-06-29 18:00:00,29.8,19.6,338,0.5,8,19.73,19.34,18.89,18.73,17.87,15.72,14.76,14.21,13.94,13.55,13.51,13.49,13.49,13.51,13.45,13.2,12.47,11.22,9.67,9.02,8.68,8.41,7.97,7.61,7.51,7.48,7.41,7.33,7.25,6.67,6.22,6.08,5.86,5.73,5.28,4.99,4.84,4.75,4.67
2019-06-29 18:15:00,29.8,20.2,176,0.8,8.1,19.82,19.39,18.86,18.66,17.93,15.68,14.71,14.19,13.96,13.54,13.52,13.5,13.5,13.52,13.45,13.01,12.46,10.99,9.68,9.02,8.85,8.47,8.16,7.62,7.52,7.49,7.45,7.36,7.23,6.87,6.22,6.1,5.87,5.74,5.35,5,4.85,4.76,4.67
2019-06-29 18:30:00,29.8,20.4,98,0.9,7.7,19.83,19.2,18.82,18.52,17.92,15.83,14.77,14.2,13.98,13.57,13.52,13.5,13.51,13.52,13.45,12.97,12.47,11.15,9.8,9.16,8.96,8.57,8.27,7.66,7.53,7.49,7.45,7.37,7.2,6.56,6.18,6.06,5.85,5.71,5.32,5.01,4.89,4.77,4.66
2019-06-29 18:45:00,29.8,19.9,346,0.2,7.8,19.73,19.11,18.68,18.38,17.6,15.92,14.66,14.06,14,13.62,13.53,13.52,13.51,13.53,13.48,13.06,12.5,11.31,9.8,9.15,8.96,8.6,8.2,7.7,7.57,7.49,7.44,7.39,7.19,6.52,6.15,5.94,5.82,5.66,5.3,5,4.85,4.74,4.67
2019-06-29 19:00:00,29.8,19.8,299,0.8,6.7,19.67,19.23,18.63,18.36,17.33,15.71,14.72,14.06,14.01,13.61,13.54,13.52,13.52,13.54,13.49,13.14,12.54,11.11,9.79,9.28,8.97,8.77,8.48,7.84,7.59,7.54,7.45,7.42,7.21,6.38,6.11,5.94,5.81,5.64,5.14,5,4.82,4.75,4.67
2019-06-29 19:15:00,29.8,19.2,338,1,5.6,19.61,19.18,18.6,18.32,17.48,15.44,14.7,14.26,14.05,13.75,13.55,13.53,13.53,13.55,13.55,13.23,12.43,10.93,9.93,9.52,9.02,8.96,8.78,8.31,7.71,7.6,7.5,7.43,7.43,6.63,6.17,5.98,5.87,5.67,5.17,5,4.85,4.77,4.7
2019-06-29 19:30:00,29.8,19,15,1,7.4,19.6,19.14,18.57,18.18,16.97,15.12,14.65,14.14,14.03,13.65,13.55,13.55,13.54,13.56,13.46,12.98,12.46,10.16,9.74,9.19,9,8.95,8.75,8.35,7.81,7.69,7.5,7.46,7.44,6.78,6.14,5.96,5.87,5.62,5.06,4.94,4.81,4.77,4.71
2019-06-29 19:45:00,29.8,19.1,67,7.7,1.7,19.56,19.19,18.64,18.22,16.94,15.13,14.64,14.27,14.05,13.81,13.58,13.56,13.56,13.57,13.54,13.24,12.64,11.52,9.8,9.05,8.95,8.85,8.56,8.27,7.84,7.68,7.54,7.43,7.43,6.69,6.14,5.95,5.84,5.64,5.05,4.9,4.8,4.77,4.68
2019-06-29 20:00:00,29.8,18.2,46,7.6,357.2,19.52,19.23,18.51,18.27,17.04,15.23,14.63,14.3,14.11,13.85,13.63,13.58,13.56,13.57,13.56,13.42,12.81,12.14,9.79,8.96,8.91,8.57,8.44,8.24,7.71,7.6,7.5,7.41,7.37,6.58,6.11,5.95,5.8,5.64,5.05,4.91,4.79,4.78,4.67
2019-06-29 20:15:00,29.8,17.7,32,6.2,5.7,19.39,19.3,18.49,18.22,16.62,14.86,14.58,14.19,14.09,13.79,13.61,13.57,13.57,13.58,13.57,13.41,12.82,12.44,10.11,9.13,8.87,8.57,8.32,8.03,7.71,7.56,7.43,7.36,7.11,6.49,6.09,5.94,5.78,5.61,5.03,4.9,4.8,4.79,4.7
2019-06-29 20:30:00,29.8,17.4,52,5.4,6.9,19.35,19.35,19.1,18.27,16.75,14.96,14.58,14.2,14.15,13.95,13.66,13.58,13.58,13.59,13.57,13.43,12.84,12.48,10.82,9.49,8.85,8.75,8.39,7.99,7.72,7.58,7.43,7.36,7.11,6.57,6.08,5.94,5.78,5.61,5.03,4.98,4.82,4.84,4.78
2019-06-29 20:45:00,29.8,17.4,22,4.6,7.9,19.28,19.26,19.05,18.33,16.99,15.07,14.58,14.26,14.14,13.76,13.69,13.59,13.59,13.6,13.59,13.46,13.07,12.46,10.89,9.38,8.83,8.7,8.44,7.97,7.7,7.59,7.41,7.31,7.01,6.61,6.12,5.94,5.82,5.61,4.99,4.94,4.83,4.86,4.78
2019-06-29 21:00:00,29.8,17.1,7,3.5,8.7,19.23,19.22,19.15,18.46,17.78,15.98,14.55,14.42,14.18,14.03,13.75,13.61,13.61,13.62,13.61,13.49,13.1,12.47,11.24,9.43,8.82,8.71,8.27,7.95,7.66,7.57,7.39,7.16,6.84,6.55,6.13,5.95,5.82,5.63,5.01,4.93,4.85,4.84,4.84
2019-06-29 21:15:00,29.8,16.5,313,6.9,7.8,19.11,19.1,19.08,18.75,18.06,16,14.54,14.36,14.17,13.78,13.72,13.64,13.62,13.63,13.61,13.48,13.09,12.49,10.89,9.3,8.75,8.69,8.34,7.9,7.68,7.59,7.35,6.97,6.83,6.52,6.15,5.95,5.76,5.58,4.99,4.92,4.82,4.84,4.78
2019-06-29 21:30:00,29.9,15.9,337,4.9,6.5,19.05,19.04,19.02,18.61,17.51,15.62,14.52,14.28,14.16,13.81,13.77,13.66,13.64,13.64,13.6,13.46,13.15,12.59,10.97,9.13,8.7,8.64,8.25,7.77,7.65,7.48,7.21,6.86,6.74,6.35,6.08,5.87,5.58,5.04,4.94,4.93,4.83,4.8,4.74
2019-06-29 21:45:00,29.8,15.4,2,4.1,9.5,19,18.99,18.99,18.65,16.79,15.2,14.5,14.26,14.12,13.78,13.74,13.68,13.63,13.65,13.61,13.39,13.07,12.72,11.63,9.05,8.62,8.56,8.26,7.83,7.64,7.5,7.29,7.02,6.73,6.43,6.07,5.86,5.5,5.02,4.96,4.95,4.82,4.82,4.7
2019-06-29 22:00:00,29.8,15.6,353,2.7,5.6,19.65,19.4,19.02,18.57,16.28,14.55,14.44,14.19,13.96,13.76,13.73,13.66,13.64,13.66,13.62,13.46,13.16,12.82,12.21,9.09,8.58,8.51,8.35,8.09,7.68,7.59,7.37,7.08,6.8,6.34,6.03,5.83,5.36,5.03,5,4.94,4.8,4.79,4.67
2019-06-29 22:15:00,29.8,15.4,5,3.8,6.2,19.74,19.59,19.03,18.5,16.03,14.49,14.42,14.19,13.96,13.76,13.74,13.66,13.65,13.67,13.56,13.35,13.04,12.7,11.87,9.1,8.51,8.44,8.39,8.09,7.74,7.6,7.41,7.21,6.84,6.35,6.06,5.89,5.44,5.06,5.01,4.9,4.79,4.77,4.68
2019-06-29 22:30:00,29.8,15.4,275,2,6,19.78,19.7,19.06,18.46,15.97,14.46,14.41,14.2,13.95,13.76,13.75,13.66,13.66,13.65,13.53,13.26,13.14,12.74,10.53,8.85,8.48,8.42,8.29,8.04,7.85,7.75,7.44,7.24,6.99,6.54,6.21,5.99,5.54,5.1,5.02,4.93,4.78,4.71,4.66
2019-06-29 22:45:00,29.8,15.4,279,3.9,5.2,19.88,19.86,19.19,18.62,16.01,14.53,14.4,14.19,14.03,13.77,13.75,13.69,13.67,13.67,13.56,13.36,13.15,12.69,10.8,8.63,8.43,8.39,8.2,8.02,7.84,7.78,7.43,7.29,7.12,6.68,6.37,6.05,5.64,5.15,5.02,4.93,4.83,4.75,4.67
2019-06-29 23:00:00,29.8,15.4,233,2.7,8.2,19.95,19.95,19.33,18.58,15.91,14.54,14.38,14.2,14.07,13.78,13.76,13.7,13.68,13.69,13.57,13.4,13.15,12.67,10.03,8.47,8.4,8.18,8.13,7.97,7.85,7.43,7.32,7.13,7.01,6.67,6.36,6.07,5.8,5.24,5.03,4.92,4.85,4.79,4.68
2019-06-29 23:15:00,29.8,15.5,234,3.2,10.1,20.06,20.02,19.22,18.39,15.8,14.58,14.33,14.17,13.95,13.78,13.75,13.72,13.69,13.68,13.53,13.37,13.17,12.63,9.73,8.47,8.36,8.08,8.06,7.85,7.55,7.44,7.31,7.11,6.88,6.51,6.35,6.1,5.73,5.1,5.02,4.9,4.83,4.78,4.68
2019-06-29 23:30:00,29.8,15.4,247,3,6.8,20.09,20.09,19.38,18.58,15.77,14.49,14.32,14.17,13.89,13.79,13.78,13.73,13.71,13.68,13.52,13.35,13.18,12.56,9.78,8.44,8.35,8.08,8.04,7.82,7.48,7.38,7.18,6.84,6.8,6.49,6.3,6.08,5.41,5.13,4.96,4.88,4.83,4.79,4.68
2019-06-29 23:45:00,29.8,15.4,215,4,9.2,20.09,20.08,19.2,18.33,15.8,14.93,14.35,14.18,14,13.79,13.78,13.74,13.7,13.59,13.53,13.32,13.14,12.51,9.73,8.41,8.3,8.03,8.02,7.59,7.44,7.34,7.12,6.88,6.79,6.41,6.23,6.08,5.33,5.05,4.91,4.87,4.84,4.78,4.71
2019-06-30 00:00:00,29.8,15.3,210,3.5,9.5,20.05,20.01,19.74,18.79,16.12,15.7,14.39,14.2,14.1,13.83,13.78,13.77,13.73,13.6,13.54,13.36,13.23,12.54,9.66,8.4,8.29,8.03,8.02,7.75,7.47,7.4,7.27,7.06,6.78,6.38,6.21,6.06,5.41,5.05,4.88,4.86,4.85,4.81,4.72
2019-06-30 00:15:00,29.8,15.1,215,3.5,7.8,20.02,19.99,19.73,18.82,16.28,15.6,14.38,14.21,13.97,13.82,13.79,13.77,13.72,13.56,13.42,13.24,13.01,12.42,9.62,8.42,8.24,8.03,8.02,7.67,7.5,7.38,7.23,7.08,6.8,6.32,6.18,5.93,5.4,4.99,4.86,4.85,4.85,4.82,4.72
2019-06-30 00:30:00,29.8,15,242,3.4,9,19.99,19.98,19.95,18.88,16.6,15.39,14.4,14.23,14.11,13.86,13.8,13.78,13.76,13.62,13.48,13.37,13.17,12.54,10.07,8.45,8.22,8.06,8.05,7.83,7.49,7.39,7.22,7.07,6.74,6.31,6.19,5.83,5.34,5,4.88,4.86,4.86,4.87,4.72
2019-06-30 00:45:00,29.8,14.8,238,2,5.6,19.97,19.96,19.85,19.09,16.91,15.72,14.39,14.22,14.09,13.83,13.8,13.79,13.76,13.57,13.52,13.28,13.16,12.39,9.64,8.41,8.18,8.06,7.87,7.49,7.34,7.27,7.05,6.82,6.62,6.43,6.2,5.72,5.29,4.99,4.93,4.88,4.86,4.88,4.71
2019-06-30 01:00:00,29.8,15,213,2.2,6,19.94,19.94,19.88,19.29,17.62,15.83,14.43,14.23,14.06,13.85,13.81,13.8,13.77,13.6,13.52,13.25,13.11,12.25,9.54,8.41,8.22,8.07,7.74,7.41,7.26,7.18,7.05,6.83,6.67,6.47,6.23,5.59,5.01,4.99,4.93,4.89,4.86,4.88,4.71
2019-06-30 01:15:00,29.8,14.7,212,1.4,7.6,19.91,19.91,19.92,19.6,18.11,15.98,14.46,14.26,14.12,13.84,13.81,13.8,13.76,13.59,13.49,13.19,12.41,11.43,8.55,8.34,8.17,7.92,7.59,7.35,7.16,7.05,6.83,6.63,6.56,6.27,5.94,5.21,5.03,4.97,4.9,4.88,4.86,4.88,4.73
2019-06-30 01:30:00,29.8,14.9,238,1.6,7.5,19.9,19.89,19.9,19.64,18.69,16.26,14.47,14.29,14.12,13.87,13.82,13.8,13.76,13.6,13.47,13.23,12.4,10.35,8.51,8.32,8.21,7.72,7.39,7.31,7.13,7.11,6.81,6.64,6.56,6.26,5.85,5.17,4.98,5,4.95,4.9,4.87,4.88,4.74
2019-06-30 01:45:00,29.8,14.9,298,1.2,7.6,19.88,19.87,19.85,19.47,18.82,16.37,14.48,14.3,14.09,13.86,13.82,13.81,13.74,13.61,13.44,13.2,12.31,9.82,8.57,8.37,8.18,7.79,7.41,7.34,7.15,6.93,6.78,6.67,6.56,6.29,5.77,5.27,5.1,5.02,4.92,4.9,4.87,4.86,4.74
2019-06-30 02:00:00,29.8,14.8,280,0.8,7.2,19.86,19.86,19.83,19.31,18.99,16.47,14.51,14.29,14.05,13.85,13.82,13.81,13.74,13.62,13.45,13.19,12.26,9.67,8.61,8.31,8.11,7.72,7.43,7.31,7.15,6.98,6.9,6.77,6.61,6.27,5.64,5.26,5.1,5.02,4.91,4.88,4.86,4.85,4.76
2019-06-30 02:15:00,29.8,14.6,278,0.9,6.7,19.87,19.85,19.75,19.23,18.76,16.03,15.06,14.33,14.1,13.85,13.83,13.82,13.77,13.65,13.47,13.22,12.29,9.46,8.66,8.3,8.05,7.67,7.44,7.35,7.2,6.97,6.91,6.83,6.64,6.28,5.63,5.24,5.06,5.04,4.99,4.93,4.88,4.86,4.77
2019-06-30 02:30:00,29.8,14.5,206,0.9,6.6,19.85,19.84,19.63,19.3,19.11,16.67,14.67,14.32,14.16,13.87,13.83,13.82,13.78,13.66,13.48,13.28,12.21,9.5,8.61,8.24,7.89,7.51,7.46,7.3,7.11,6.97,6.92,6.9,6.75,6.3,5.65,5.23,5.05,5.06,4.93,4.91,4.88,4.85,4.76
2019-06-30 02:45:00,29.8,14.7,232,1,7,19.82,19.8,19.47,19.17,18.62,16.18,14.5,14.29,14.09,13.87,13.83,13.82,13.78,13.66,13.48,13.24,11.69,9.01,8.48,8.24,7.94,7.44,7.39,7.25,7.06,6.96,6.93,6.86,6.72,6.35,5.78,5.29,5.11,5.04,4.9,4.86,4.78,4.76,4.72
2019-06-30 03:00:00,29.8,14.6,221,0.2,7.2,19.77,19.76,19.41,19.15,18.64,16.6,14.48,14.3,14.1,13.87,13.83,13.83,13.79,13.66,13.49,13.27,11.48,9.09,8.49,8.29,8.09,7.6,7.43,7.25,7.08,6.97,6.92,6.79,6.69,6.29,5.72,5.32,5.2,5.1,4.97,4.89,4.82,4.77,4.72
2019-06-30 03:15:00,29.8,14.9,355,1.3,6.6,19.74,19.72,19.43,19.12,18.18,16.74,14.95,14.34,14.19,13.93,13.85,13.83,13.81,13.73,13.51,13.21,11.55,9.18,8.6,8.19,8.03,7.5,7.36,7.23,7.08,6.99,6.93,6.81,6.7,6.18,5.51,5.29,5.16,5.09,4.91,4.87,4.78,4.74,4.71
2019-06-30 03:30:00,29.8,14.7,343,2.9,6.4,19.71,19.61,19.23,19.09,18.16,16.74,14.58,14.3,14.2,13.94,13.88,13.83,13.83,13.79,13.67,13.47,12.26,9.85,8.85,8.32,8.03,7.53,7.36,7.26,7.14,7.05,6.97,6.9,6.75,6.11,5.48,5.28,5.15,5.09,4.92,4.89,4.79,4.81,4.72
2019-06-30 03:45:00,29.8,14.7,344,3.1,6.7,19.67,19.64,19.12,18.94,17.92,16.33,14.51,14.31,14.13,13.88,13.85,13.83,13.83,13.8,13.67,13.45,12.17,9.39,8.71,8.28,8.09,7.51,7.38,7.3,7.19,7.08,6.99,6.92,6.68,6.1,5.47,5.27,5.15,5.11,4.96,4.89,4.8,4.78,4.72
2019-06-30 04:00:00,29.8,14.7,332,2.1,6.4,19.66,19.52,19.07,18.92,17.77,15.73,14.46,14.32,14.09,13.94,13.85,13.83,13.83,13.82,13.68,13.49,12.82,9.75,8.65,8.15,8.06,7.49,7.4,7.26,7.21,7.07,6.98,6.83,6.6,5.82,5.45,5.24,5.13,5.11,4.95,4.88,4.81,4.78,4.72
2019-06-30 04:15:00,29.8,14.7,301,1.6,6.6,19.59,19.45,19,18.9,17.92,16.9,14.53,14.33,14.07,13.95,13.88,13.83,13.84,13.83,13.68,13.5,12.99,11.24,8.62,8.16,8.1,7.72,7.45,7.31,7.21,7.16,7.04,6.91,6.73,5.97,5.46,5.27,5.15,5.12,4.94,4.89,4.84,4.78,4.72
2019-06-30 04:30:00,29.8,14.9,287,3,6.3,19.55,19.46,18.95,18.86,17.78,16.81,14.46,14.34,14.05,13.95,13.88,13.83,13.83,13.8,13.62,13.45,13.02,9.7,8.52,8.17,8.14,7.89,7.49,7.37,7.32,7.24,7.14,7.01,6.91,6.37,5.63,5.36,5.18,5.17,5.06,4.91,4.86,4.79,4.73
2019-06-30 04:45:00,29.8,14.6,328,3.2,6.5,19.46,19.28,18.96,18.66,17.6,15.24,14.39,14.31,13.99,13.95,13.88,13.83,13.84,13.74,13.56,13.37,12.23,8.99,8.26,8.19,7.9,7.54,7.43,7.32,7.2,7.22,7.07,6.91,6.82,6.22,5.59,5.33,5.18,5.19,5.08,4.98,4.88,4.81,4.71
2019-06-30 05:00:00,29.8,14.7,323,3,7.1,19.34,19.04,18.93,18.14,17.56,14.67,14.4,14.28,13.98,13.94,13.89,13.84,13.84,13.73,13.62,13.49,13.04,10.28,8.55,8.21,7.91,7.61,7.43,7.33,7.25,7.23,7.1,7.01,6.88,6.5,5.79,5.46,5.23,5.2,5.11,4.99,4.89,4.82,4.73
2019-06-30 05:15:00,29.8,14.7,338,2.3,6.9,19.28,19.14,18.89,18.33,17.6,14.92,14.41,14.33,13.97,13.89,13.85,13.84,13.84,13.7,13.58,13.29,12.08,10.34,8.29,8.06,7.78,7.52,7.4,7.32,7.23,7.2,7.12,7,6.91,6.73,6.01,5.57,5.25,5.21,5.12,4.99,4.92,4.84,4.73
2019-06-30 05:30:00,29.8,14.7,316,1.9,6.6,19.13,18.92,18.83,18.58,17.65,14.79,14.43,14.35,14.01,13.94,13.87,13.84,13.84,13.7,13.58,13.12,12.02,9.38,8.55,8.14,7.73,7.42,7.38,7.32,7.26,7.18,7.12,6.97,6.94,6.88,6.7,5.8,5.41,5.25,5.16,5.09,4.95,4.85,4.73
2019-06-30 05:45:00,29.8,14.5,269,2.1,6.3,18.82,18.81,18.79,18.67,17.64,14.83,14.43,14.36,14.18,13.96,13.89,13.84,13.84,13.84,13.59,13,12.32,10.11,8.9,8.27,8.01,7.64,7.44,7.33,7.28,7.21,7.11,6.97,6.96,6.87,6.71,6.06,5.53,5.31,5.19,5.1,4.95,4.88,4.74
2019-06-30 06:00:00,29.8,14.7,251,2.5,7.1,18.85,18.79,18.75,18.26,17.64,14.8,14.4,14.36,14.08,13.96,13.9,13.84,13.85,13.75,13.6,12.7,12.43,11.13,9.02,8.33,8.03,7.78,7.56,7.39,7.28,7.27,7.14,7.03,6.99,6.9,6.68,5.84,5.53,5.31,5.16,5.08,4.96,4.86,4.74
2019-06-30 06:15:00,29.8,15.3,240,2.1,6.6,18.9,18.84,18.74,17.99,17.63,14.88,14.41,14.36,14.14,14,13.91,13.85,13.85,13.86,13.62,12.64,12.41,10.68,9.24,8.27,7.87,7.63,7.55,7.42,7.34,7.3,7.18,7.09,7,6.68,6.49,5.8,5.49,5.33,5.15,5.07,4.94,4.88,4.74
2019-06-30 06:30:00,29.8,15.2,266,4.2,6.8,18.86,18.78,18.63,17.77,17.36,14.84,14.43,14.36,14.2,14.01,13.99,13.85,13.85,13.86,13.52,12.49,12.28,10.18,9.36,8.11,7.8,7.57,7.51,7.34,7.27,7.29,7.15,6.99,6.97,6.67,6.31,5.7,5.44,5.29,5.11,4.98,4.92,4.84,4.73
2019-06-30 06:45:00,29.8,14.7,271,3,5.9,18.75,18.69,17.86,17.64,17.2,14.78,14.53,14.36,14.1,14.03,14.01,13.86,13.85,13.83,13.6,12.6,12.21,9.74,9.29,8.17,7.78,7.53,7.53,7.33,7.32,7.36,7.22,7.03,6.99,6.66,6.4,5.73,5.47,5.24,5.09,4.95,4.91,4.77,4.72
2019-06-30 07:00:00,29.8,14.9,289,2.7,6.3,18.68,18.67,18.28,17.57,17.35,14.88,14.53,14.34,14.06,14.01,13.97,13.85,13.85,13.7,13.62,12.9,12.29,9.49,9.24,8.24,7.76,7.57,7.51,7.4,7.39,7.39,7.2,6.99,6.99,6.66,6.49,5.83,5.52,5.3,5.08,4.96,4.92,4.78,4.7
2019-06-30 07:15:00,29.8,15.2,282,1.5,5.7,18.68,18.63,17.99,17.5,16.16,14.97,14.72,14.36,14.08,14.03,13.98,13.85,13.85,13.84,13.64,12.88,12.43,9.7,9.23,8.28,7.72,7.47,7.46,7.42,7.32,7.28,7.14,6.99,6.94,6.64,6.27,5.72,5.47,5.2,5.06,4.94,4.91,4.8,4.69
2019-06-30 07:30:00,29.8,15.7,244,2,6.1,18.71,18.67,18.26,17.47,16.29,15.03,14.63,14.36,14.08,14.03,13.96,13.86,13.85,13.87,13.66,13.04,12.48,9.99,9.16,8.46,7.93,7.61,7.51,7.46,7.43,7.3,7.13,6.98,6.68,6.61,6.29,5.71,5.42,5.24,5.05,4.93,4.91,4.82,4.69
2019-06-30 07:45:00,29.8,15.8,249,2.7,6.6,18.78,18.7,18.33,17.32,16.63,15.2,14.81,14.36,14.11,14.04,13.93,13.86,13.86,13.88,13.67,12.86,12.49,10.32,9.04,8.5,8.07,7.67,7.53,7.49,7.48,7.36,7.21,6.97,6.65,6.57,5.88,5.59,5.31,5.2,5.03,4.92,4.92,4.85,4.74
2019-06-30 08:00:00,29.8,15.9,249,2.5,5.7,18.88,18.77,18.65,17.5,17.08,15.35,14.86,14.36,14.17,14.02,13.9,13.86,13.86,13.87,13.67,12.82,12.53,10.44,8.76,8.35,7.96,7.64,7.63,7.52,7.43,7.22,7,6.66,6.63,6.32,5.77,5.58,5.29,5.17,5.02,4.92,4.91,4.85,4.7
2019-06-30 08:15:00,29.8,16.3,234,2.4,6.1,18.97,18.89,18.77,17.73,17.16,15.36,14.79,14.31,14.1,13.92,13.88,13.87,13.85,13.7,13.08,12.82,12.44,10.5,8.9,8.33,7.92,7.75,7.66,7.54,7.51,7.49,7.2,6.98,6.71,6.59,5.88,5.62,5.33,5.26,5.06,4.96,4.9,4.87,4.68
2019-06-30 08:30:00,29.8,16.5,227,2,6.6,19.02,18.94,18.84,17.88,17.15,15.25,14.72,14.31,14.06,13.89,13.88,13.87,13.82,13.68,13.07,12.96,12.49,10.65,8.89,8.21,7.92,7.81,7.71,7.6,7.49,7.39,7.16,6.95,6.7,6.61,6.29,5.7,5.5,5.32,5.12,5.01,4.92,4.89,4.67
2019-06-30 08:45:00,29.8,16.8,242,1.4,6.8,19.06,19.03,18.98,18.36,17.16,15.18,14.44,14.13,13.92,13.88,13.88,13.76,13.67,13.45,13.15,12.74,12.46,10.69,9.26,8.4,7.86,7.76,7.66,7.54,7.45,7.24,6.97,6.77,6.68,6.59,6.17,5.73,5.49,5.34,5.15,5.02,4.94,4.89,4.67
2019-06-30 09:00:00,29.8,16.8,322,1.1,6.9,19.11,19.06,19.02,17.94,17.13,15.28,14.61,14.3,14.13,13.93,13.89,13.87,13.7,13.54,13.2,12.83,12.44,12.13,9.32,8.33,7.75,7.62,7.48,7.17,6.89,6.76,6.7,6.63,6.64,6.54,6.16,5.72,5.48,5.3,5.12,5,4.93,4.85,4.67
2019-06-30 09:15:00,29.8,17,302,1.4,6.4,19.14,19.08,18.99,17.82,17.02,15.25,14.73,14.27,14.13,13.95,13.9,13.88,13.78,13.73,13.26,12.98,12.41,10.88,8.8,8.4,7.72,7.58,7.55,7.16,6.91,6.8,6.69,6.64,6.64,6.38,6.17,5.63,5.4,5.25,5.09,4.99,4.93,4.84,4.67
2019-06-30 09:30:00,29.8,17,251,2.8,7.3,19.14,19.08,18.85,17.65,17.16,15.34,14.63,14.24,14.08,13.94,13.91,13.89,13.87,13.74,13.59,12.96,12.47,10.49,8.94,8.56,7.87,7.68,7.61,7.48,7.17,6.98,6.79,6.69,6.66,6.55,6.29,5.76,5.5,5.33,5.15,5.01,4.97,4.88,4.67
2019-06-30 09:45:00,29.8,16.9,264,2.1,5.6,19.18,19.14,18.85,17.57,16.86,15.65,14.77,14.31,14.14,14.03,13.94,13.89,13.88,13.73,13.6,13.15,12.63,11.87,8.77,8.3,7.84,7.7,7.6,7.5,7.11,6.99,6.74,6.67,6.66,6.4,6.24,5.71,5.44,5.3,5.12,4.99,4.94,4.87,4.7
2019-06-30 10:00:00,29.8,16.8,300,1.6,5.8,19.21,19.1,19.05,18.02,17.22,15.54,14.76,14.39,14.14,13.97,13.93,13.9,13.88,13.75,13.68,13.1,12.75,11.32,8.44,8.14,7.85,7.68,7.67,7.39,7.1,6.8,6.7,6.63,6.61,6.35,6.03,5.57,5.33,5.31,5.09,4.98,4.93,4.87,4.68
2019-06-30 10:15:00,29.8,16.8,322,1.5,6.7,19.14,19.05,19.02,18.02,17.29,15.57,14.6,14.32,14.16,14.05,13.95,13.9,13.9,13.83,13.73,13.2,12.8,11.06,8.39,7.98,7.86,7.69,7.64,7.36,7.16,6.84,6.71,6.62,6.46,6.2,5.75,5.47,5.3,5.25,5.03,4.96,4.96,4.84,4.67
2019-06-30 10:30:00,29.8,17.2,NA,NA,5.7,19.11,19.06,18.72,18.21,17.4,15.67,14.61,14.3,14.15,14,13.93,13.9,13.9,13.8,13.74,13.21,12.85,11.93,8.51,8.32,7.89,7.76,7.7,7.52,7.2,7.02,6.77,6.69,6.45,6.26,6.03,5.48,5.31,5.24,5.03,4.95,4.91,4.76,4.67
2019-06-30 10:45:00,29.8,17.1,289,3.3,4.4,19.25,19.16,18.86,18.48,17.68,15.96,14.97,14.34,14.15,14.05,13.94,13.9,13.9,13.85,13.75,13.18,12.82,11.16,8.42,8.17,7.86,7.79,7.72,7.49,7.31,7.23,6.91,6.69,6.49,6.34,6.04,5.45,5.3,5.24,5,4.95,4.9,4.76,4.67
2019-06-30 11:00:00,29.8,16.6,319,5.9,1.9,19.25,19.16,18.73,18.34,17.33,15.91,15.01,14.35,14.15,14.08,13.96,13.9,13.89,13.9,13.86,13.48,12.91,11.85,8.73,8.19,7.93,7.78,7.7,7.54,7.34,7.28,6.93,6.65,6.49,6.33,5.72,5.39,5.28,5.23,5,4.94,4.86,4.73,4.67
2019-06-30 11:15:00,29.8,17.3,310,5.7,4.3,19.31,19.23,18.9,18.44,17.7,15.98,15.27,14.54,14.28,14.12,14.06,13.95,13.89,13.9,13.87,13.71,12.96,11.84,8.64,8.19,7.95,7.76,7.67,7.5,7.36,7.28,6.97,6.69,6.56,6.35,5.88,5.38,5.26,5.2,4.97,4.92,4.83,4.72,4.67
2019-06-30 11:30:00,29.8,17.7,320,4.8,3.8,19.39,19.24,18.76,18.41,17.71,15.94,14.98,14.39,14.15,14.1,14.02,13.94,13.89,13.89,13.78,13.69,12.98,11.67,8.62,8.26,7.9,7.73,7.65,7.55,7.31,7.3,6.99,6.69,6.58,6.28,5.99,5.33,5.26,5.24,4.97,4.92,4.83,4.7,4.67
2019-06-30 11:45:00,29.8,16.8,335,6.4,5.5,19.36,19.31,18.89,18.39,17.15,15.86,14.91,14.39,14.13,14.09,14.06,13.95,13.89,13.9,13.86,13.69,13.04,11.73,8.79,8.25,7.86,7.71,7.69,7.54,7.32,7.28,7.07,6.74,6.62,6.3,6.01,5.33,5.26,5.24,4.95,4.91,4.83,4.71,4.67
2019-06-30 12:00:00,29.8,17.5,342,4.7,9,19.33,19.28,19.15,18.44,17.87,15.99,15.03,14.48,14.16,14.09,14.05,13.94,13.9,13.91,13.84,13.7,13.07,11.73,8.64,7.98,7.84,7.63,7.62,7.5,7.29,7.24,7,6.76,6.62,6.34,6.01,5.34,5.25,5.26,4.98,4.91,4.76,4.73,4.67
2019-06-30 12:15:00,29.8,17.5,346,4,4.8,19.39,19.31,19.23,18.67,18.25,16.55,15.41,14.64,14.28,14.1,14.01,13.93,13.9,13.9,13.78,13.59,12.95,10.91,8.53,7.95,7.73,7.57,7.56,7.46,7.24,7.22,6.92,6.77,6.62,6.38,6.06,5.53,5.26,5.26,5,4.91,4.78,4.68,4.67
2019-06-30 12:30:00,29.8,17.3,6,4.4,2.3,19.48,19.39,19.26,18.67,18.26,16.08,15.15,14.55,14.3,14.1,14.05,13.98,13.9,13.89,13.8,13.58,13,10.56,8.38,7.94,7.82,7.52,7.51,7.43,7.22,7.19,6.91,6.75,6.6,6.35,5.97,5.4,5.23,5.26,5,4.9,4.8,4.7,4.67
2019-06-30 12:45:00,29.8,17.4,12,3.2,6.9,19.58,19.43,19.33,18.67,18.1,15.87,14.75,14.42,14.28,14.1,14.06,13.99,13.92,13.88,13.79,13.65,13.15,11.6,8.58,8.06,7.95,7.59,7.48,7.43,7.26,7.16,6.85,6.69,6.61,6.33,5.98,5.36,5.23,5.24,4.97,4.9,4.79,4.69,4.67
2019-06-30 13:00:00,29.8,17.8,351,4.8,3,19.54,19.49,19.41,18.91,18.36,16.19,15.19,14.48,14.34,14.08,14.05,13.99,13.91,13.88,13.79,13.5,13,11.58,8.45,8.12,7.94,7.72,7.48,7.39,7.22,7.1,6.84,6.69,6.62,6.3,6.01,5.32,5.23,5.2,4.96,4.89,4.69,4.69,4.67
2019-06-30 13:15:00,29.8,17.9,356,7.5,4.8,19.52,19.5,19.23,18.79,18.18,16.16,15,14.46,14.35,14.11,14.08,14.02,13.95,13.9,13.82,13.71,13.22,12.02,9.08,8.22,8.16,7.88,7.54,7.42,7.31,7.14,6.84,6.71,6.66,6.42,6.08,5.44,5.23,5.2,4.97,4.89,4.66,4.68,4.67
2019-06-30 13:30:00,29.8,17.9,358,7.9,10.1,19.49,19.48,19.48,19.38,18.79,16.19,14.81,14.44,14.35,14.08,14.07,14.01,13.95,13.91,13.84,13.64,13.11,11.77,8.8,8.3,8.18,7.87,7.5,7.39,7.21,7.1,6.86,6.76,6.69,6.27,6.05,5.45,5.22,5.17,4.99,4.91,4.84,4.69,4.66
2019-06-30 13:45:00,29.8,18,349,7,358,19.48,19.47,19.34,19.23,18.44,15.79,14.89,14.43,14.36,14.12,14.08,14.04,14,13.96,13.89,13.79,13.22,12.44,10.04,8.53,8.25,7.82,7.46,7.27,7.16,7.09,6.86,6.78,6.71,6.22,5.97,5.32,5.22,5.19,5.04,4.94,4.88,4.68,4.66
2019-06-30 14:00:00,29.8,18.2,350,5.8,8.4,19.42,19.42,19.34,19.24,18.97,16.23,14.9,14.44,14.35,14.14,14.09,14.05,13.97,13.98,13.9,13.73,13.03,11.79,9.07,8.4,7.97,7.48,7.37,7.2,7.16,6.94,6.84,6.65,6.48,6.14,5.8,5.27,5.19,5.19,5.01,4.92,4.85,4.68,4.66
2019-06-30 14:15:00,29.8,18,13,7.8,20,19.4,19.39,19.27,19.16,18.99,16.22,15.06,14.44,14.35,14.15,14.09,14.05,14,14,13.93,13.8,13.24,12.43,9.62,8.8,8.05,7.55,7.42,7.23,7.15,7.02,6.87,6.75,6.51,6.19,6.06,5.37,5.22,5.2,5.03,4.94,4.87,4.69,4.66
2019-06-30 14:30:00,29.8,17.1,358,7.6,357.3,19.36,19.36,19.33,19.21,18.93,16.06,14.64,14.4,14.28,14.14,14.08,14.03,14,13.95,13.85,13.7,13.06,11.82,9.57,9.37,8.1,7.81,7.49,7.3,7.21,7.07,6.98,6.87,6.73,6.3,6.09,5.59,5.28,5.22,5.14,4.95,4.89,4.73,4.66
2019-06-30 14:45:00,29.8,16.1,341,5.8,352.6,19.26,19.23,19.26,19.25,19.12,15.65,14.62,14.38,14.25,14.12,14.1,14.04,14,13.91,13.88,13.59,12.9,11.8,10.93,9.54,7.99,7.61,7.53,7.22,7.08,7.03,6.92,6.82,6.69,6.18,6.06,5.45,5.24,5.22,5.12,4.95,4.91,4.74,4.67
2019-06-30 15:00:00,29.8,16.2,NA,NA,14.3,19.26,19.25,19.26,19.17,18.82,17.33,14.84,14.42,14.29,14.13,14.1,14.07,14.01,13.91,13.81,13.53,12.88,12.09,11.25,9.63,8.01,7.73,7.32,7.12,7.06,7.07,6.93,6.86,6.7,6.46,6.09,5.43,5.27,5.24,5.12,4.98,4.92,4.7,4.67
2019-06-30 15:15:00,29.8,16.8,354,7.2,2,19.29,19.28,19.27,19.24,19.03,18.09,15.01,14.4,14.26,14.12,14.1,14.07,14.02,13.96,13.69,13.4,12.79,12.08,10.72,9.14,8.06,7.63,7.38,7.19,7.13,7.04,6.94,6.78,6.71,6.46,6.05,5.39,5.25,5.21,5.08,4.96,4.91,4.71,4.67
2019-06-30 15:30:00,29.8,16.1,340,6.1,2.1,19.32,19.31,19.31,19.3,19.04,17.76,14.87,14.32,14.19,14.11,14.1,14.07,14.03,13.93,13.53,13.15,12.68,12.27,10.37,8.91,7.83,7.46,7.48,7.26,7.21,7.05,6.89,6.8,6.74,6.47,6.18,5.77,5.31,5.24,5.09,5.03,4.97,4.76,4.67
2019-06-30 15:45:00,29.8,16.5,335,4.5,10.5,19.32,19.3,19.31,19.23,18.95,18.48,14.91,14.32,14.24,14.11,14.1,14.08,14.06,14,13.47,12.9,12.73,11.87,10.33,8.68,7.92,7.56,7.35,7.3,6.96,6.89,6.85,6.73,6.64,6.53,6.17,5.74,5.28,5.21,5.05,5.01,4.95,4.74,4.67
2019-06-30 16:00:00,29.8,17.7,339,5.8,8.6,19.42,19.4,19.34,19.26,19.1,18.53,14.92,14.29,14.17,14.1,14.1,14.09,14.07,14.04,13.45,12.84,12.64,11.7,10.53,8.57,7.95,7.67,7.33,7.15,7.03,6.9,6.81,6.71,6.5,6.3,6.05,5.58,5.2,5.14,5.05,5.01,4.96,4.9,4.66
2019-06-30 16:15:00,29.8,18.1,333,6.3,2.4,19.43,19.41,19.36,19.24,18.97,17.21,14.61,14.26,14.14,14.1,14.11,14.1,14.08,13.95,13.32,12.68,12.3,11.53,10.53,9.09,8.12,7.94,7.4,7.17,7,6.92,6.84,6.72,6.7,6.46,5.88,5.64,5.16,5.1,5,4.96,4.92,4.85,4.67
2019-06-30 16:30:00,29.8,18.2,330,5.9,4,19.47,19.46,19.44,19.29,19.1,17.42,14.63,14.3,14.18,14.11,14.12,14.12,14.1,14,13.25,12.67,12.35,11.69,10.14,8.56,7.86,7.65,7.39,7.21,7.01,6.97,6.87,6.75,6.71,6.46,6.13,5.57,5.15,5.13,5,4.96,4.93,4.76,4.67
2019-06-30 16:45:00,29.8,18.9,340,8.7,11.5,19.52,19.48,19.41,19.38,19.13,18.13,14.63,14.3,14.23,14.12,14.13,14.13,14.12,14.05,13.04,12.7,12.27,11.66,9.8,7.93,7.78,7.5,7.38,7.06,6.92,6.9,6.82,6.68,6.6,6.34,5.89,5.27,5.14,5.12,4.99,4.98,4.83,4.7,4.68
2019-06-30 17:00:00,29.8,19.1,332,8.1,7.7,19.52,19.48,19.46,19.35,18.93,16.17,14.48,14.23,14.17,14.14,14.14,14.12,13.88,13.33,12.84,12.4,12.15,11.96,9.86,8.12,7.98,7.61,7.44,7.22,6.92,6.82,6.76,6.67,6.64,6.3,5.82,5.24,5.12,5.12,5.01,4.94,4.93,4.73,4.71
2019-06-30 17:15:00,29.8,19.1,354,6.8,18.9,19.6,19.58,19.56,19.28,18.97,16.41,14.52,14.26,14.24,14.21,14.16,14.14,13.85,13.49,12.76,12.43,12.1,11.67,9.86,8.09,7.79,7.42,7.3,6.86,6.78,6.76,6.69,6.62,6.59,6.14,5.72,5.23,5.1,5.1,5,4.95,4.92,4.75,4.67
2019-06-30 17:30:00,29.8,19.3,342,6.5,0.2,19.56,19.5,19.45,19.25,18.74,15.06,14.5,14.31,14.31,14.25,14.22,14.15,13.91,13.26,12.85,12.49,12.01,11.29,9.34,8.15,7.82,7.44,7.38,7.18,6.97,6.86,6.75,6.55,6.48,5.89,5.72,5.17,5.1,5.1,5.02,4.96,4.95,4.79,4.69
2019-06-30 17:45:00,29.8,19.3,347,5.6,7,19.62,19.6,19.59,19.39,18.47,16.78,14.74,14.47,14.35,14.29,14.23,14.15,13.86,13.15,13.04,12.55,12.28,11.64,10.41,8.18,7.76,7.45,7.46,7.13,6.99,6.92,6.71,6.26,6.24,5.94,5.65,5.13,5.08,5.09,4.99,4.96,4.9,4.71,4.69
2019-06-30 18:00:00,29.8,19.4,339,6.1,4.8,19.66,19.66,19.63,19.24,18.63,16.25,15.19,14.46,14.34,14.3,14.19,14.1,13.65,13.32,13.11,12.39,12.05,11.4,9.28,8.18,7.78,7.52,7.48,7.09,6.93,6.69,6.51,6.19,6.03,5.99,5.68,5.19,5.11,5.1,5.02,4.98,4.95,4.73,4.68
2019-06-30 18:15:00,29.8,18.9,345,5.2,354.7,19.7,19.67,19.66,19.35,18.29,16.04,14.89,14.38,14.35,14.27,14.19,13.99,13.62,13.45,13.06,12.45,12.07,11.59,9.15,8.06,7.79,7.52,7.47,7.28,7.01,6.93,6.57,6.47,6.06,5.83,5.58,5.27,5.09,5.1,5.04,4.99,4.98,4.95,4.71
2019-06-30 18:30:00,29.8,18.9,348,5.7,2.4,19.78,19.77,19.74,19.54,18.72,15.98,14.77,14.6,14.44,14.32,14.18,13.98,13.83,13.55,13.23,12.46,12.15,11.43,9.13,8.58,8.04,7.82,7.73,7.49,7.14,7.03,6.83,6.5,6.39,5.8,5.61,5.31,5.17,5.09,5.04,5.03,4.99,4.92,4.73
2019-06-30 18:45:00,29.8,19.2,341,5.8,4.2,19.78,19.74,19.62,19.5,18.56,15.86,14.94,14.72,14.49,14.36,14.25,14.11,13.9,13.62,13.44,12.66,12.33,11.67,8.99,8.36,8.14,7.94,7.81,7.65,7.54,7.15,7.02,6.62,6.42,6.03,5.61,5.31,5.14,5.09,5.04,4.97,4.97,4.76,4.69
2019-06-30 19:00:00,29.8,19.4,343,5.5,7.6,19.81,19.8,19.78,19.49,18.37,15.73,15.02,14.65,14.49,14.36,14.2,13.99,13.71,13.6,13.28,12.67,12.32,10.51,8.37,8.24,8.15,7.93,7.84,7.75,7.43,7.14,6.95,6.54,6.28,6.02,5.67,5.29,5.09,5.09,5.01,4.95,4.73,4.71,4.65
2019-06-30 19:15:00,29.8,19.3,338,6.4,5.4,19.81,19.8,19.79,19.39,17.68,15.56,15.09,14.69,14.5,14.36,14.22,14.02,13.75,13.66,13.51,12.88,12.34,8.75,8.41,8.34,8.13,7.96,7.87,7.66,7.43,7.19,7.1,6.66,6.33,6.04,5.92,5.45,5.14,5.09,5.03,4.95,4.7,4.68,4.65
2019-06-30 19:30:00,29.8,18.9,NA,NA,5.9,19.81,19.81,19.82,19.67,18.8,15.72,15.19,14.77,14.49,14.34,14.17,14.04,13.79,13.69,13.49,12.92,12.12,9.15,8.26,8.26,8.07,7.89,7.82,7.7,7.53,7.15,7.11,6.68,6.48,6.17,5.86,5.45,5.14,5.1,4.97,4.94,4.66,4.7,4.63
2019-06-30 19:45:00,29.8,18.8,323,4.1,7,19.78,19.78,19.78,19.48,17.98,15.64,15.17,14.68,14.42,14.27,14.13,14.01,13.88,13.76,13.63,13,11.83,8.68,8.43,8.21,8.06,7.77,7.72,7.6,7.35,7.07,6.96,6.7,6.62,6.15,5.88,5.51,5.21,5.09,4.99,4.93,4.66,4.66,4.64
2019-06-30 20:00:00,29.8,18.5,309,4.1,4.9,19.81,19.8,19.8,19.57,17.9,15.59,15.24,14.65,14.4,14.26,14.07,14.03,13.93,13.88,13.65,12.96,11.5,8.74,8.34,8.15,7.9,7.77,7.58,7.42,7.27,7.05,6.92,6.73,6.42,6.22,5.77,5.53,5.34,5.13,4.99,4.92,4.67,4.7,4.65
2019-06-30 20:15:00,29.8,18.2,312,4.8,4.5,19.81,19.82,19.84,19.72,18.12,15.53,15.17,14.59,14.44,14.35,14.12,14.07,14.04,13.95,13.72,12.96,10.03,8.62,8.27,8.09,7.94,7.79,7.62,7.33,7.28,7.18,6.85,6.64,6.56,6.3,5.82,5.61,5.34,5.12,4.97,4.83,4.7,4.67,4.65
2019-06-30 20:30:00,29.8,17.9,323,4.1,5.9,19.8,19.8,19.83,19.78,18.55,15.8,15.28,14.73,14.5,14.36,14.29,14.17,14.13,14.04,13.8,12.93,9.5,8.35,8.23,8.11,7.87,7.67,7.53,7.41,7.15,6.96,6.91,6.86,6.7,6.2,5.82,5.58,5.28,5.12,4.95,4.72,4.65,4.65,4.64
2019-06-30 20:45:00,29.8,17.7,311,5.5,5.5,19.78,19.77,19.8,19.8,18.76,15.88,15.33,15.05,14.58,14.39,14.32,14.21,14.17,14.09,13.89,13.21,11.85,8.72,8.19,8.11,7.93,7.77,7.62,7.44,7.22,7.11,6.9,6.85,6.74,6.24,5.8,5.6,5.41,5.24,5.01,4.75,4.61,4.65,4.64
2019-06-30 21:00:00,29.8,17.5,300,4.5,7.7,19.74,19.73,19.76,19.71,18.78,16.81,15.44,15.36,15.05,14.53,14.34,14.25,14.19,14.09,13.82,13.03,12.04,8.92,8.34,8.04,7.92,7.85,7.6,7.42,7.16,7.1,6.97,6.8,6.65,6.07,5.78,5.56,5.4,5.31,5.01,4.93,4.72,4.67,4.63
2019-06-30 21:15:00,29.8,17.4,310,5.1,3.4,19.68,19.68,19.71,19.7,19.33,17.58,16.21,15.59,15.56,14.93,14.42,14.3,14.2,14.06,13.37,12.71,9.47,8.28,8.21,8.1,7.94,7.77,7.64,7.45,7.12,7.09,7,6.87,6.56,6.08,5.77,5.56,5.43,5.13,4.98,4.9,4.72,4.67,4.63
2019-06-30 21:30:00,29.8,17.1,294,4.2,5,19.67,19.66,19.7,19.7,19.55,17.73,16.14,15.81,15.61,14.63,14.39,14.27,14.15,13.69,13.26,12.6,9.81,8.44,8.14,8.09,7.96,7.75,7.55,7.29,7.2,7.12,7.07,6.92,6.64,6.01,5.77,5.63,5.37,5.11,4.91,4.87,4.69,4.66,4.63
2019-06-30 21:45:00,29.8,16.9,285,4.8,0.1,19.63,19.63,19.64,19.64,19.57,17.84,16.55,15.99,15.73,14.88,14.41,14.26,14.12,13.64,13.29,12.65,10.58,8.56,8.06,8.04,8,7.7,7.68,7.4,7.15,7.16,7.03,6.82,6.61,6.02,5.76,5.55,5.35,5.16,4.92,4.84,4.7,4.65,4.64
2019-06-30 22:00:00,29.9,16.7,285,4.1,5.1,19.56,19.56,19.58,19.58,19.55,18.46,16.83,16.21,15.86,14.52,14.36,14.19,13.76,13.62,13.02,12.41,10.88,8.62,7.98,7.98,7.76,7.65,7.47,7.24,7.09,7.02,6.61,6.33,6.18,5.86,5.75,5.59,5.36,5.16,4.94,4.87,4.7,4.66,4.63
2019-06-30 22:15:00,29.9,16.4,290,4.2,4.7,19.45,19.45,19.47,19.47,19.44,18.14,17,16.38,15.99,15,14.38,14.15,13.8,13.6,12.96,11.84,10.97,8.15,7.93,7.8,7.5,7.34,7.29,7.22,7.13,6.94,6.65,6.3,6.17,5.91,5.77,5.66,5.42,5.2,4.95,4.87,4.66,4.66,4.65
2019-06-30 22:30:00,29.9,16.4,290,4.3,3.6,19.45,19.45,19.47,19.46,19.42,18.67,17.08,16.68,16.44,14.87,14.29,13.97,13.72,13.35,12.71,11.71,10.26,7.91,7.86,7.49,7.36,7.33,7.36,7.21,7.03,6.75,6.38,6.19,6.13,5.95,5.84,5.54,5.21,5.08,4.9,4.82,4.66,4.68,4.65
2019-06-30 22:45:00,29.9,16.1,292,4.4,5.4,19.39,19.38,19.41,19.41,19.38,18.54,17.16,16.93,15.84,15.07,14.31,14,13.72,13.34,12.75,11.78,8.6,7.86,7.76,7.52,7.43,7.42,7.42,7.16,6.78,6.61,6.26,6.19,6.02,5.9,5.72,5.33,5.13,5.04,4.87,4.69,4.67,4.69,4.68
2019-06-30 23:00:00,29.9,16.1,294,3.9,3.4,19.36,19.37,19.4,19.4,19.38,19.35,17.5,17.09,17.04,15.18,14.34,14,13.75,13.32,12.69,11.78,8.24,7.87,7.75,7.57,7.49,7.46,7.45,7.23,6.89,6.72,6.35,6.2,6.05,5.86,5.62,5.4,5.15,4.97,4.83,4.69,4.67,4.7,4.68
2019-06-30 23:15:00,29.9,16,310,2.4,5,19.34,19.34,19.36,19.36,19.33,19.28,17.96,17.22,16.45,15.01,14.22,13.83,13.62,13.03,12.19,11.22,7.92,7.88,7.68,7.63,7.57,7.53,7.41,7.12,6.81,6.71,6.34,6.2,6.14,5.9,5.75,5.34,5.08,4.96,4.81,4.69,4.67,4.7,4.68
2019-06-30 23:30:00,29.9,15.8,1,0.9,3.7,19.3,19.3,19.33,19.32,19.3,19.24,18.03,17.3,15.52,14.7,14.12,13.8,13.33,12.86,12.07,8.89,7.89,7.84,7.81,7.73,7.71,7.62,7.63,7.22,6.87,6.7,6.42,6.21,6.1,5.97,5.73,5.45,5.11,4.97,4.84,4.7,4.68,4.71,4.69
2019-06-30 23:45:00,29.9,15.8,335,1.8,5.4,19.25,19.24,19.28,19.28,19.26,19.24,18.48,17.35,15.5,14.54,14,13.74,13.24,12.65,11.99,8.39,8.11,7.88,7.82,7.77,7.76,7.71,7.67,7.6,7.21,6.96,6.7,6.55,6.32,6.04,5.83,5.45,5.16,5.01,4.94,4.85,4.7,4.71,4.7
2019-07-01 00:00:00,29.9,16,330,1.6,5,19.2,19.21,19.24,19.24,19.22,19.21,18.42,17.41,15.41,14.38,13.85,13.56,13.06,12.51,11.81,8.55,8.28,8.05,7.88,7.8,7.75,7.7,7.69,7.62,7.42,6.99,6.83,6.48,6.26,5.93,5.66,5.41,5.09,4.99,4.85,4.7,4.69,4.72,4.7
2019-07-01 00:15:00,29.9,15.8,291,1.7,4.5,19.18,19.18,19.21,19.2,19.17,19.14,18.19,17.38,15.32,14.48,13.92,13.55,12.91,12.52,11.46,8.35,8.17,8.02,7.93,7.8,7.74,7.68,7.66,7.51,7.02,6.7,6.5,6.31,6.23,5.89,5.66,5.39,5.18,5,4.86,4.73,4.69,4.72,4.71
2019-07-01 00:30:00,29.9,15.7,264,1.7,4,19.1,19.1,19.13,19.14,19.11,19.1,18.46,17.49,15.42,14.71,14.03,13.7,12.96,12.6,10.87,8.37,8.11,7.97,7.89,7.83,7.75,7.65,7.47,7.07,6.76,6.63,6.41,6.26,6.16,5.88,5.69,5.41,5.18,5,4.87,4.84,4.7,4.72,4.7
2019-07-01 00:45:00,29.9,15.6,292,1.4,5.8,19.1,19.1,19.14,19.13,19.11,19.08,18.85,17.49,15.33,14.48,13.96,13.58,12.85,12.45,9.19,8.34,8.05,7.93,7.88,7.86,7.79,7.67,7.56,7.35,6.83,6.61,6.32,6.19,6.11,5.84,5.66,5.31,5.16,4.99,4.86,4.75,4.7,4.73,4.71
2019-07-01 01:00:00,29.9,15.5,290,1.4,4.7,19.08,19.08,19.11,19.1,19.07,19.03,18.42,17.57,15.38,14.56,13.96,13.45,12.71,12.35,9.42,8.33,8.16,7.96,7.87,7.82,7.81,7.69,7.58,7.4,7.12,6.8,6.27,6.23,6.17,5.9,5.6,5.32,5.16,5,4.86,4.76,4.71,4.73,4.72
2019-07-01 01:15:00,29.9,15.6,299,1.3,5.4,19.17,19.17,19.2,19.15,19.09,19.06,18.75,17.6,15.51,14.53,13.99,13.41,12.61,12.27,9.44,8.27,8.11,7.89,7.84,7.78,7.77,7.54,7.44,7.26,6.96,6.75,6.3,6.2,6.11,5.9,5.61,5.31,5.24,5.04,4.89,4.82,4.71,4.73,4.71
2019-07-01 01:30:00,29.9,15.6,276,2.5,5.8,19.2,19.2,19.21,19.15,19.13,19.11,18.44,17.63,15.17,14.58,13.94,13.41,12.53,12.2,8.86,8.21,7.97,7.86,7.82,7.77,7.71,7.56,7.43,7.21,7.02,6.66,6.32,6.19,6.16,5.83,5.63,5.31,5.24,5,4.88,4.79,4.71,4.74,4.72
2019-07-01 01:45:00,29.9,15.4,259,1.3,5.4,19.21,19.21,19.24,19.23,19.15,19.1,18.58,17.57,15.08,14.38,13.97,13.47,12.62,12.32,9.55,8.18,7.98,7.86,7.81,7.75,7.67,7.44,7.43,7.21,7.12,6.93,6.57,6.32,6.26,5.9,5.68,5.36,5.26,5.06,4.92,4.83,4.79,4.73,4.7
2019-07-01 02:00:00,29.9,15.4,236,1.6,5.8,19.24,19.24,19.26,19.25,19.14,18.94,18.39,17.67,15.09,14.6,14.04,13.77,12.66,12.33,9.61,8.26,8.02,7.84,7.78,7.69,7.63,7.41,7.34,7.23,7.17,7.08,6.74,6.37,6.34,5.96,5.7,5.35,5.27,5.07,4.91,4.85,4.74,4.74,4.7
2019-07-01 02:15:00,29.9,15.4,280,1.9,5.6,19.27,19.26,19.28,19.28,19.19,18.76,18,17.61,14.88,14.39,13.9,13.44,12.48,12.33,9.65,8.39,8.06,7.86,7.79,7.75,7.65,7.56,7.47,7.3,7.26,7.12,6.81,6.56,6.4,5.93,5.7,5.3,5.27,5.06,4.94,4.84,4.73,4.73,4.71
2019-07-01 02:30:00,29.9,15.4,198,0.5,5.5,19.33,19.32,19.32,19.2,19.13,18.9,17.9,17.63,14.91,14.49,14.03,13.85,13.08,12.33,9.11,8.33,8.06,7.84,7.78,7.75,7.57,7.53,7.43,7.29,7.25,7.12,6.91,6.6,6.41,5.99,5.77,5.37,5.28,5.15,4.91,4.85,4.79,4.74,4.71
2019-07-01 02:45:00,29.9,15.3,284,0.8,4.9,19.32,19.31,19.32,19.24,19.12,17.88,17.76,14.95,14.82,14.46,14.11,13.88,13.22,12.34,9.24,8.45,8.19,7.96,7.82,7.78,7.69,7.49,7.48,7.32,7.28,7.28,7.11,6.73,6.48,6.3,5.77,5.41,5.27,5.1,4.88,4.84,4.81,4.75,4.72
2019-07-01 03:00:00,29.9,15.4,270,0.4,5.3,19.32,19.3,19.25,19.11,19.08,18.19,17.62,15.5,14.72,14.4,14.03,13.89,13.17,12.27,10.17,8.49,8.29,8.03,7.86,7.81,7.72,7.48,7.45,7.35,7.32,7.3,7.22,7.11,6.99,6.45,5.98,5.6,5.34,5.21,4.95,4.85,4.83,4.76,4.72
2019-07-01 03:15:00,29.9,15.8,277,2.2,5.1,19.3,19.28,19.19,19.09,19,18.2,17.57,14.76,14.7,14.44,14.07,13.88,12.98,12.2,9.26,8.47,8.3,8.02,7.83,7.72,7.48,7.42,7.4,7.34,7.31,7.33,7.19,6.85,6.67,6.35,5.78,5.39,5.25,5.21,4.96,4.85,4.74,4.75,4.73
2019-07-01 03:30:00,29.9,15.9,291,2.5,5.3,19.31,19.3,19.32,19.18,19.07,18.14,17.54,15.16,14.7,14.55,14.14,13.87,12.63,11.86,9.46,8.57,8.35,8.04,7.99,7.83,7.73,7.54,7.44,7.34,7.25,7.21,7.11,7.02,6.83,6.46,5.98,5.53,5.28,5.26,4.95,4.85,4.76,4.75,4.73
2019-07-01 03:45:00,29.9,15.8,291,3.2,4.6,19.32,19.32,19.31,19.15,19.1,18.3,17.26,17.11,14.69,14.49,14.18,13.86,12.45,11.68,9.12,8.4,8.15,8,7.88,7.78,7.68,7.53,7.47,7.34,7.25,7.22,7.13,6.98,6.74,6.45,5.76,5.43,5.3,5.15,4.94,4.85,4.82,4.76,4.74
2019-07-01 04:00:00,29.9,15.6,283,1.6,6.2,19.31,19.3,19.33,19.21,19.15,18.13,17.36,17.11,14.69,14.52,14.22,13.87,13.47,11.99,9.17,8.4,8.25,8.04,7.93,7.78,7.71,7.6,7.44,7.32,7.27,7.18,7.11,6.91,6.81,6.51,5.8,5.4,5.33,5.26,4.98,4.89,4.82,4.76,4.74
2019-07-01 04:15:00,29.9,15.4,247,1.5,6.3,19.27,19.27,19.27,19.18,19.12,17.98,17.45,17.13,14.67,14.45,14.21,13.87,12.51,11.71,8.78,8.33,8.12,8.08,7.93,7.76,7.69,7.57,7.54,7.42,7.31,7.15,6.95,6.8,6.68,6.49,5.85,5.41,5.3,5.21,5.01,4.97,4.86,4.85,4.79
2019-07-01 04:30:00,29.9,15.4,304,1,5.7,19.22,19.22,19.23,19.19,19.06,17.77,17.36,15.09,14.63,14.4,14.22,13.87,12.35,11.66,8.62,8.29,8.15,8.1,7.88,7.77,7.62,7.53,7.54,7.49,7.35,7.23,7.02,6.73,6.67,6.48,5.75,5.52,5.32,5.18,4.96,4.84,4.81,4.85,4.76
2019-07-01 04:45:00,29.9,15.5,283,1.2,5.6,19.21,19.2,19.2,19.14,18.95,17.45,17.35,14.65,14.57,14.37,14.06,13.86,12.23,11.36,8.42,8.25,8.19,8.14,7.87,7.62,7.58,7.54,7.57,7.46,7.41,7.23,7.04,6.71,6.64,6.48,5.77,5.62,5.35,5.21,4.93,4.85,4.82,4.78,4.75
2019-07-01 05:00:00,29.9,15.8,310,1.5,5.8,19.18,19.17,19.18,19.09,18.95,17.73,17.33,14.96,14.57,14.35,13.98,13.85,12.14,11.11,8.37,8.24,8.22,8.14,7.94,7.66,7.61,7.55,7.55,7.45,7.28,7.21,6.8,6.68,6.64,6.31,5.76,5.45,5.19,5.03,4.91,4.86,4.82,4.79,4.75
2019-07-01 05:15:00,29.9,15.5,301,0.9,5.7,19.17,19.16,19.09,19,18.81,18.22,17.29,16.82,14.61,14.4,14.07,13.85,11.92,8.82,8.29,8.24,8.21,8.02,7.87,7.68,7.59,7.55,7.5,7.43,7.27,7.17,6.77,6.63,6.64,5.95,5.82,5.35,5.08,5.02,4.88,4.85,4.81,4.78,4.75
2019-07-01 05:30:00,29.9,15.5,301,1.4,5.7,19.17,19.16,19.05,18.93,18.74,18.08,17.2,14.85,14.56,14.33,13.9,13.62,11.7,8.32,8.28,8.25,8.21,8.04,7.78,7.67,7.6,7.52,7.52,7.36,7.25,7.19,6.9,6.63,6.62,5.95,5.79,5.37,5.18,5.09,4.88,4.82,4.8,4.78,4.75
2019-07-01 05:45:00,29.9,15.5,290,1.8,5.6,19.18,19.18,19.13,18.93,18.51,18.41,17.22,16.55,14.57,14.33,13.96,13.83,11.83,8.37,8.28,8.24,8.2,8.05,7.72,7.63,7.6,7.55,7.45,7.32,7.22,7.16,6.93,6.62,6.63,5.97,5.69,5.36,5.18,5.05,4.89,4.8,4.8,4.81,4.74
2019-07-01 06:00:00,29.9,16,322,1.9,5.3,19.19,19.18,19.08,18.85,18.28,18.21,17.31,16.66,14.61,14.37,13.98,13.52,11.19,8.28,8.27,8.23,8.13,7.75,7.67,7.63,7.57,7.5,7.41,7.25,7.21,7.02,6.69,6.61,6.56,5.96,5.57,5.35,5.14,5.01,4.89,4.79,4.8,4.82,4.72
2019-07-01 06:15:00,29.9,16.4,318,2,6.2,19.18,19.18,19.05,18.86,18.11,17.99,17.12,16.47,14.6,14.37,14.15,13.82,11.69,8.36,8.29,8.26,8.2,8.01,7.7,7.69,7.64,7.56,7.47,7.28,7.21,6.95,6.66,6.6,6.52,5.99,5.61,5.38,5.17,5.01,4.91,4.79,4.79,4.82,4.76
2019-07-01 06:30:00,29.9,17.3,298,1.8,6,19.17,19.18,19.13,18.89,18.05,17.79,17.6,16.22,14.58,14.34,14.03,13.83,11.78,9.27,8.31,8.26,8.22,8.13,7.72,7.68,7.64,7.56,7.47,7.32,7.19,6.98,6.71,6.59,6.49,6.02,5.73,5.41,5.18,4.98,4.9,4.8,4.8,4.82,4.78
2019-07-01 06:45:00,29.9,17.9,293,1.3,5.7,19.17,19.17,19.1,18.89,18.49,17.67,17.64,16.12,14.56,14.35,14.16,13.87,12.08,10.53,8.31,8.26,8.22,8.15,7.73,7.69,7.65,7.56,7.5,7.35,7.23,7.03,6.73,6.59,6.54,6.04,5.64,5.39,5.13,4.97,4.89,4.8,4.8,4.82,4.69
2019-07-01 07:00:00,29.9,19.8,259,0.6,6.5,19.19,19.18,19.05,18.91,18.67,17.82,17.55,16.48,14.54,14.35,14.09,13.85,12.05,9.67,8.31,8.25,8.18,7.97,7.73,7.7,7.62,7.51,7.44,7.33,7.2,6.99,6.68,6.58,6.47,6.03,5.63,5.36,5.2,4.96,4.88,4.8,4.8,4.83,4.69
2019-07-01 07:15:00,29.9,20.1,231,0.3,6.2,19.19,19.18,19.04,18.83,18.27,17.46,17.39,15.99,14.52,14.36,14.18,13.86,12.54,11.33,8.34,8.27,8.18,8.1,7.77,7.72,7.65,7.49,7.43,7.3,7.19,6.95,6.69,6.57,6.45,6.03,5.64,5.39,5.16,4.94,4.87,4.8,4.79,4.77,4.63
2019-07-01 07:30:00,29.9,19.3,341,0.5,6.1,19.18,19.18,19.12,18.98,18.73,17.85,17.23,16.7,14.59,14.37,14.23,13.86,12.41,11.06,8.36,8.25,8.18,8.13,7.82,7.73,7.68,7.52,7.46,7.32,7.17,6.9,6.65,6.54,6.25,5.96,5.68,5.39,5.11,4.95,4.8,4.79,4.79,4.76,4.61
2019-07-01 07:45:00,29.9,19,315,0.3,6.1,19.19,19.15,19.02,18.93,18.46,16.94,16.94,14.75,14.48,14.38,14.19,13.85,12.7,11.55,8.42,8.3,8.19,8.16,7.97,7.74,7.72,7.59,7.49,7.34,7.2,6.92,6.67,6.51,6.21,5.96,5.68,5.38,5.12,4.95,4.8,4.8,4.79,4.72,4.6
2019-07-01 08:00:00,29.9,18.2,31,1.2,6,19.19,19.06,18.99,18.81,18.3,16.57,16.44,15.31,14.5,14.38,14.28,13.9,12.88,11.71,8.47,8.35,8.25,8.18,8.06,7.79,7.75,7.63,7.51,7.36,7.17,6.86,6.61,6.51,6.24,6.02,5.57,5.27,5.05,4.95,4.86,4.8,4.79,4.7,4.6
2019-07-01 08:15:00,29.9,18.7,76,1.1,6.5,19.16,19.06,18.94,18.8,18.24,16.35,16.13,15.53,14.49,14.37,14.28,13.89,13.19,11.53,8.47,8.33,8.23,8.17,8.01,7.78,7.76,7.61,7.47,7.36,7.08,6.77,6.56,6.45,6.25,5.86,5.41,5.19,5.03,4.94,4.87,4.8,4.79,4.74,4.6
2019-07-01 08:30:00,29.9,18.6,100,1,6.6,18.9,18.88,18.77,18.72,17.8,16.12,15.96,15.46,14.45,14.36,14.32,13.86,12.81,11.51,8.54,8.31,8.23,8.17,8.08,7.83,7.77,7.68,7.46,7.35,7.11,6.77,6.53,6.41,6.26,5.9,5.54,5.19,5.05,4.97,4.86,4.79,4.78,4.62,4.59
2019-07-01 08:45:00,29.9,18.5,94,1.6,6.7,19.03,18.89,18.77,18.66,18.1,15.89,15.74,15.37,14.44,14.36,14.36,13.97,13.28,11.82,9.02,8.35,8.23,8.18,8.12,7.86,7.8,7.67,7.45,7.33,7.12,6.89,6.57,6.37,6.34,5.93,5.41,5.18,5.03,4.96,4.87,4.8,4.79,4.68,4.59
2019-07-01 09:00:00,29.9,18.8,95,1.5,6.1,19.2,19.01,18.86,18.63,18.11,15.7,15.55,15.45,14.49,14.36,14.36,13.89,12.72,11.43,8.68,8.36,8.29,8.2,8.17,7.9,7.82,7.61,7.41,7.25,7.14,6.94,6.65,6.45,6.38,5.99,5.63,5.2,5.03,4.98,4.83,4.79,4.77,4.62,4.59
2019-07-01 09:15:00,29.9,18.8,97,1,6.5,19.28,19.01,18.83,18.69,18.22,15.64,15.43,15.3,14.92,14.39,14.35,13.97,12.92,11.38,8.56,8.41,8.28,8.18,8.04,7.88,7.78,7.43,7.34,7.13,7.03,6.88,6.63,6.49,6.37,5.99,5.71,5.25,5.01,4.99,4.8,4.79,4.78,4.6,4.59
2019-07-01 09:30:00,29.9,18.9,90,1.2,6.5,19.34,19.02,18.87,18.63,18.47,16.04,15.33,15.22,15.02,14.38,14.35,13.85,12.73,10.62,8.58,8.44,8.3,8.12,8.03,7.87,7.63,7.39,7.27,7.09,6.98,6.82,6.62,6.4,6.25,5.97,5.62,5.28,4.99,4.93,4.8,4.79,4.78,4.65,4.59
2019-07-01 09:45:00,29.9,19.5,124,1.4,6.6,19.35,19.07,18.83,18.58,18.44,16.51,15.24,15.09,14.62,14.38,14.34,14.07,13.02,10.91,8.6,8.47,8.33,8.21,8.16,7.98,7.83,7.48,7.33,7.1,7.06,6.9,6.71,6.44,6.28,5.99,5.67,5.31,5.02,4.96,4.79,4.79,4.76,4.6,4.59
2019-07-01 10:00:00,29.9,18.9,133,2.9,6.1,19.25,19.07,18.95,18.51,18.39,17.54,15.2,15.04,14.6,14.38,14.34,14.19,13.18,10.61,8.6,8.43,8.28,8.19,8.08,7.88,7.6,7.42,7.25,7.1,6.96,6.85,6.55,6.36,6.2,5.95,5.53,5.26,5.04,4.9,4.8,4.78,4.76,4.61,4.59
2019-07-01 10:15:00,29.9,18.4,139,4.1,6.6,19.4,19.02,18.88,18.45,18.37,17.86,15.22,15.02,14.83,14.38,14.33,14.27,13.36,10.34,8.59,8.46,8.31,8.18,8.03,7.88,7.6,7.47,7.27,7.08,7.01,6.87,6.56,6.4,6.24,5.94,5.49,5.23,5.06,4.92,4.79,4.77,4.75,4.61,4.59
2019-07-01 10:30:00,29.9,18.5,140,2.7,7.8,19.58,19.04,18.71,18.42,18.34,18.2,15.14,14.93,14.78,14.37,14.33,14.12,13.18,9.59,8.5,8.37,8.2,8.07,7.93,7.83,7.58,7.45,7.25,7.13,7,6.86,6.45,6.26,6.15,5.77,5.48,5.13,5,4.92,4.79,4.76,4.73,4.61,4.6
2019-07-01 10:45:00,29.9,18.7,157,3,6.2,19.5,19.02,18.48,18.41,18.35,18.28,15.15,14.85,14.74,14.43,14.33,14.18,13.27,9.19,8.58,8.37,8.18,8,7.91,7.71,7.54,7.44,7.23,7.06,6.86,6.66,6.36,6.21,6.06,5.61,5.48,5.13,5.03,4.9,4.83,4.77,4.72,4.62,4.6
2019-07-01 11:00:00,29.9,19.1,165,2,6.6,19.79,19.09,18.83,18.52,18.34,18.29,16.25,14.8,14.77,14.51,14.33,14.2,13.34,8.99,8.56,8.33,8.19,8.02,7.94,7.71,7.54,7.42,7.17,7.02,6.87,6.74,6.4,6.26,6.17,5.68,5.43,5.19,5.06,4.95,4.86,4.77,4.73,4.62,4.6
2019-07-01 11:15:00,29.9,19.1,156,3,7.4,19.78,19.09,18.81,18.48,18.37,18.23,16.4,14.76,14.7,14.49,14.34,14.19,13.45,8.95,8.57,8.31,8.15,8.02,7.88,7.63,7.49,7.35,7.15,6.99,6.87,6.61,6.37,6.19,6.02,5.64,5.41,5.24,5.09,5.02,4.89,4.78,4.74,4.61,4.6
2019-07-01 11:30:00,29.9,19.3,164,2.4,6.1,19.74,19.14,18.91,18.6,18.37,18.01,16.45,14.9,14.67,14.58,14.35,14.27,13.68,8.78,8.58,8.33,8.13,8.05,7.89,7.58,7.48,7.23,7.15,6.95,6.87,6.62,6.41,6.18,6,5.65,5.53,5.21,5.16,5.04,4.89,4.79,4.72,4.62,4.6
2019-07-01 11:45:00,29.9,19.5,154,2.9,6.2,19.54,19.15,18.91,18.49,18.42,18.12,16.56,15.01,14.6,14.57,14.36,14.26,13.78,8.85,8.66,8.26,8.12,8.01,7.82,7.56,7.46,7.23,7.14,6.92,6.86,6.63,6.48,6.3,6.11,5.64,5.54,5.21,5.13,5.08,4.87,4.79,4.7,4.61,4.6
2019-07-01 12:00:00,29.9,19.7,161,2.6,5.9,19.39,19.16,18.79,18.66,18.41,18.23,16.61,15.3,14.58,14.55,14.35,14.26,13.68,8.81,8.57,8.25,8.11,7.93,7.69,7.51,7.37,7.22,7.06,6.93,6.84,6.63,6.47,6.29,6.1,5.64,5.61,5.22,5.12,5.06,4.88,4.76,4.7,4.62,4.6
2019-07-01 12:15:00,29.9,19.6,147,3.3,8.5,19.91,19.12,18.88,18.69,18.41,18.25,16.7,15.34,14.57,14.52,14.35,14.23,13.56,8.76,8.48,8.24,8.11,7.92,7.67,7.5,7.36,7.25,7.14,6.97,6.86,6.63,6.57,6.42,6.16,5.64,5.46,5.17,5.1,5.06,4.92,4.78,4.7,4.63,4.6
2019-07-01 12:30:00,29.9,19.5,145,3.7,9.1,20.24,19.1,18.93,18.58,18.49,18.12,16.1,15.32,14.57,14.5,14.35,14.21,13.59,8.81,8.46,8.22,8.09,7.92,7.64,7.5,7.37,7.29,7.23,7.02,6.89,6.81,6.57,6.52,6.32,5.81,5.63,5.21,5.05,5.04,4.95,4.79,4.72,4.68,4.6
2019-07-01 12:45:00,29.9,19.8,163,2.5,7.1,20.44,19.1,18.94,18.67,18.61,18.23,16.38,15.51,14.57,14.51,14.35,14.27,13.57,9.03,8.41,8.2,8.1,7.92,7.66,7.51,7.4,7.34,7.3,7.07,6.92,6.91,6.56,6.53,6.46,5.92,5.68,5.29,5.05,5.04,4.92,4.84,4.74,4.62,4.6
2019-07-01 13:00:00,29.9,19.9,154,2.9,6.9,20.58,19.13,18.99,18.76,18.66,18.33,16.29,15.36,14.57,14.52,14.35,14.27,13.14,8.73,8.36,8.17,8.08,7.86,7.67,7.53,7.4,7.32,7.17,6.99,6.93,6.82,6.54,6.52,6.39,6.01,5.7,5.21,5.03,5.02,4.89,4.82,4.76,4.63,4.6
2019-07-01 13:15:00,29.9,20.3,152,2.1,6.6,20.59,19.23,19.01,18.86,18.73,18.38,16.26,15.47,14.58,14.52,14.34,14.23,13.12,8.9,8.36,8.17,8.11,7.87,7.64,7.55,7.37,7.17,7.04,6.95,6.72,6.57,6.53,6.42,6.29,5.88,5.69,5.2,5.04,5.03,4.92,4.81,4.67,4.62,4.6
2019-07-01 13:30:00,29.9,20.8,155,1.6,6.6,20.71,19.25,19.09,18.97,18.81,18.68,16.26,15.54,14.58,14.51,14.34,14.27,13.06,9.47,8.34,8.17,8.1,7.87,7.61,7.48,7.3,7.04,6.99,6.87,6.52,6.55,6.45,6.3,6.25,5.9,5.67,5.23,5.04,5.02,4.91,4.81,4.76,4.62,4.6
2019-07-01 13:45:00,29.9,21.1,131,2.1,7.1,20.88,19.34,19.14,18.99,18.93,18.54,16.3,15.49,14.58,14.48,14.32,13.97,13.04,9.24,8.39,8.16,8.05,7.97,7.68,7.47,7.3,7.06,7.02,6.79,6.51,6.53,6.33,6.2,6.13,5.89,5.75,5.29,5.09,5.01,4.94,4.81,4.77,4.62,4.6
2019-07-01 14:00:00,29.9,21.2,207,2.5,7.6,20.85,19.62,19.29,19.17,19.11,18.53,16.3,15.59,14.6,14.42,14.32,13.9,13.01,9.41,8.55,8.2,8.02,7.84,7.56,7.4,7.11,7.01,6.95,6.52,6.5,6.38,6.23,6.14,6,5.86,5.65,5.2,5.05,5,4.92,4.8,4.62,4.61,4.6
2019-07-01 14:15:00,29.9,21.3,180,2.4,5.4,21.71,20.51,19.68,19.43,18.77,18.65,16.42,15.54,14.61,14.41,14.32,13.9,13.31,10.07,8.64,8.23,8.03,7.85,7.61,7.41,7.15,7.03,6.91,6.53,6.44,6.33,6.23,6.06,5.94,5.8,5.5,5.17,4.98,4.97,4.87,4.79,4.62,4.62,4.6
2019-07-01 14:30:00,29.9,21.4,150,2.5,9.5,21.77,20.48,19.94,19.44,18.81,18.78,16.29,15.51,14.64,14.46,14.33,13.97,13.19,9.85,8.59,8.23,7.99,7.84,7.64,7.31,7.11,7.03,6.87,6.53,6.43,6.35,6.2,6.08,5.96,5.76,5.46,5.18,5.02,4.92,4.86,4.79,4.58,4.61,4.6
2019-07-01 14:45:00,29.9,21.6,145,2.1,6.6,21.76,20.54,20.07,18.99,18.9,18.86,17.1,15.79,14.75,14.49,14.35,13.92,13.17,9.62,8.72,8.26,7.98,7.87,7.51,7.3,7.11,7.07,7.05,6.53,6.42,6.32,6.16,6.07,5.95,5.77,5.46,5.24,4.98,4.9,4.83,4.81,4.65,4.61,4.6
2019-07-01 15:00:00,29.9,22,150,2.1,7.8,21.79,20.54,20.01,19.06,18.97,18.81,16.4,15.6,14.74,14.49,14.35,13.9,13.63,10.42,8.81,8.31,8.04,7.9,7.5,7.28,7.15,7.11,6.98,6.51,6.43,6.3,6.16,6.04,5.95,5.75,5.37,5.14,4.98,4.9,4.81,4.8,4.59,4.62,4.6
2019-07-01 15:15:00,29.9,22.7,164,0.9,7.5,21.92,20.59,19.93,19.2,19.05,18.76,16.25,15.58,14.72,14.5,14.35,13.99,13.71,10.9,8.97,8.32,8.06,7.89,7.43,7.28,7.19,7.12,6.97,6.5,6.3,6.21,6,5.9,5.86,5.63,5.36,5.13,5,4.95,4.85,4.78,4.62,4.62,4.6
2019-07-01 15:30:00,29.9,23.3,163,0.7,6.6,21.67,20.6,19.9,19.27,19,18.42,16.23,15.52,14.71,14.51,14.36,14.13,13.69,11.52,9.02,8.45,8.04,7.87,7.43,7.32,7.22,7.16,7.01,6.49,6.33,6.2,5.88,5.83,5.78,5.62,5.39,5.18,5.04,4.98,4.85,4.77,4.62,4.62,4.6
2019-07-01 15:45:00,29.9,24.2,204,0.9,8.1,21.49,20.16,19.86,19.39,18.93,18.29,16.2,15.4,14.71,14.5,14.37,14.1,13.63,10.51,8.81,8.5,8.06,7.89,7.4,7.34,7.24,7.14,7.02,6.53,6.42,6.29,5.96,5.81,5.8,5.58,5.33,5.19,5.1,5.02,4.84,4.72,4.6,4.62,4.6
2019-07-01 16:00:00,29.9,25,175,0.4,8.3,21.59,20.16,19.78,19.42,18.87,18.22,16.05,15.52,14.75,14.5,14.37,14.13,13.59,10.39,8.79,8.33,8.06,7.92,7.51,7.34,7.28,7.17,7.01,6.56,6.52,6.4,6.12,5.81,5.75,5.5,5.35,5.2,5.06,4.96,4.82,4.69,4.59,4.62,4.6
2019-07-01 16:15:00,29.8,24.6,130,1.4,7.2,21.58,20.22,19.85,19.54,18.91,18.22,16.06,15.52,14.73,14.46,14.37,14,13.59,10.25,8.83,8.36,8.13,7.97,7.54,7.34,7.27,7.19,7.1,6.59,6.51,6.46,6.21,5.88,5.73,5.54,5.39,5.18,5.03,4.95,4.87,4.73,4.63,4.63,4.6
2019-07-01 16:30:00,29.8,24.6,269,0.4,4.8,21.16,19.98,19.65,19.29,18.5,17.5,15.92,15.32,14.74,14.47,14.37,13.99,13.38,10.11,8.8,8.27,8.11,7.99,7.81,7.37,7.3,7.23,7.17,6.91,6.56,6.57,6.47,6.32,5.93,5.64,5.42,5.21,5.02,4.94,4.81,4.72,4.6,4.62,4.6
2019-07-01 16:45:00,29.8,25.6,202,0.3,7.2,21.32,19.94,19.55,19.33,18.45,17.17,15.92,15.23,14.69,14.48,14.38,14.02,13.45,9.77,8.62,8.24,8.15,8.02,7.6,7.36,7.32,7.27,7.23,7.02,6.7,6.61,6.56,6.34,5.99,5.68,5.45,5.28,5.08,4.99,4.85,4.74,4.59,4.62,4.6
2019-07-01 17:00:00,29.8,26.1,172,0.1,6.1,21.85,19.99,19.53,19.46,18.5,17.53,15.95,15.58,14.77,14.46,14.39,13.77,13.39,9.67,8.67,8.28,8.16,8.04,7.8,7.38,7.32,7.24,7.22,6.99,6.78,6.63,6.56,6.4,6.02,5.71,5.42,5.21,5.04,4.99,4.89,4.77,4.6,4.62,4.6
2019-07-01 17:15:00,29.8,26.7,166,0.4,6,21.94,19.88,19.5,19.4,18.54,17.41,15.99,15.67,14.78,14.45,14.37,13.77,13.24,9.56,8.68,8.33,8.15,8.05,7.75,7.39,7.31,7.22,7.17,6.92,6.77,6.63,6.58,6.42,5.99,5.68,5.4,5.26,5.06,5,4.88,4.74,4.6,4.63,4.6
2019-07-01 17:30:00,29.8,24.5,98,1.7,6.6,21.91,19.9,19.48,19.31,18.4,17.25,16.04,15.68,14.77,14.43,14.36,13.77,13.33,9.61,8.64,8.3,8.14,7.95,7.69,7.37,7.32,7.23,7.17,6.94,6.68,6.65,6.57,6.29,5.95,5.62,5.38,5.22,5.03,4.99,4.85,4.78,4.62,4.63,4.6
2019-07-01 17:45:00,29.8,24.3,99,1.1,5.7,21.97,20.33,19.42,19.31,18.91,17.7,16.63,15.74,14.73,14.42,14.33,13.82,13.09,9.41,8.62,8.29,8.1,7.89,7.44,7.37,7.27,7.21,7.06,7,6.72,6.62,6.49,6.08,5.92,5.55,5.36,5.22,5,4.98,4.82,4.79,4.72,4.64,4.6
2019-07-01 18:00:00,29.8,24,119,1.2,6.9,21.97,20.29,19.39,19.29,18.96,17.53,16.44,15.67,14.79,14.43,14.33,13.57,13.06,9.23,8.72,8.26,8.13,7.92,7.5,7.41,7.33,7.25,7.14,6.99,6.8,6.66,6.5,6.15,6,5.58,5.39,5.22,5.05,4.99,4.87,4.8,4.78,4.66,4.6
2019-07-01 18:15:00,29.8,23.9,127,0.5,5.2,22.13,20.8,19.4,19.35,19.14,17.85,16.76,15.75,14.89,14.44,14.33,13.72,12.94,9.46,8.91,8.31,8.14,7.85,7.49,7.41,7.38,7.28,7.24,6.99,6.89,6.66,6.55,6.27,6.12,5.7,5.41,5.21,5.04,4.99,4.85,4.8,4.78,4.66,4.61
2019-07-01 18:30:00,29.8,24.6,92,0.4,3.9,21.9,20.58,19.47,19.34,19.03,17.7,16.71,15.77,14.85,14.47,14.35,13.85,12.79,9.8,8.98,8.53,8.2,8.01,7.58,7.43,7.33,7.29,7.09,6.92,6.64,6.58,6.49,6.21,6.14,5.8,5.52,5.28,5.06,4.98,4.9,4.82,4.78,4.71,4.61
2019-07-01 18:45:00,29.8,23.2,87,2.2,4.4,21.93,20.43,19.5,19.46,18.51,17.91,16.75,15.86,14.82,14.47,14.34,13.81,12.81,10.3,9,8.59,8.22,8.09,7.77,7.47,7.36,7.27,7.11,6.9,6.64,6.52,6.37,6.18,6.15,5.65,5.47,5.2,5.04,4.98,4.86,4.82,4.78,4.75,4.61
2019-07-01 19:00:00,29.8,23,85,1.1,7.5,21.93,20.51,19.53,19.5,18.99,17.78,16.6,15.91,14.78,14.47,14.34,13.95,12.86,10.65,8.98,8.54,8.23,8.1,7.58,7.49,7.38,7.3,7.01,6.82,6.68,6.5,6.3,6.21,6.19,5.69,5.45,5.18,5.05,4.98,4.87,4.82,4.78,4.68,4.61
2019-07-01 19:15:00,29.8,23.3,192,0.8,6.3,21.92,20.63,19.54,19.52,19,17.74,16.62,15.95,14.74,14.47,14.35,13.99,12.85,10.83,8.92,8.46,8.25,8.13,7.62,7.53,7.4,7.33,7.13,6.87,6.7,6.5,6.31,6.22,6.18,5.63,5.45,5.21,5.06,4.99,4.88,4.82,4.78,4.63,4.61
2019-07-01 19:30:00,29.8,23.3,215,1.4,8.9,21.87,20.24,19.56,19.54,19.18,17.45,16.32,15.99,14.73,14.46,14.32,13.8,12.77,10.65,8.88,8.47,8.26,8.13,7.64,7.54,7.42,7.31,7,6.9,6.74,6.55,6.34,6.21,6.15,5.61,5.46,5.3,5.06,4.99,4.85,4.8,4.71,4.62,4.6
2019-07-01 19:45:00,29.8,23.2,245,2.1,9.7,22.1,20.12,19.6,19.59,19.07,17.79,16.61,16.01,14.79,14.49,14.36,14.13,12.95,10.59,8.88,8.37,8.24,8.1,7.75,7.57,7.46,7.35,7.16,6.91,6.8,6.59,6.34,6.18,6.02,5.54,5.43,5.34,5.08,5.01,4.87,4.8,4.62,4.63,4.6
2019-07-01 20:00:00,29.8,21.9,222,2,5.4,22.29,20.33,19.6,19.6,18.42,17.53,16.57,16.02,14.84,14.49,14.35,14.07,12.82,10.43,8.83,8.38,8.23,8.14,7.68,7.53,7.45,7.26,7.03,6.9,6.82,6.6,6.32,6.16,6.02,5.51,5.39,5.32,5.07,5.01,4.88,4.8,4.6,4.62,4.6
2019-07-01 20:15:00,29.8,21,250,1.9,6.2,22.38,20.57,19.63,19.57,18.6,17.51,16.64,15.84,14.89,14.52,14.37,14.04,12.87,10.25,8.94,8.53,8.21,8.02,7.68,7.53,7.42,7.14,6.97,6.92,6.83,6.56,6.29,6.13,5.94,5.55,5.39,5.29,5.1,5,4.9,4.8,4.6,4.62,4.6
2019-07-01 20:30:00,29.8,20.7,278,1.4,6.2,22.51,20.77,19.64,19.63,18.19,17.31,16.68,15.73,14.89,14.51,14.35,13.9,12.44,9.86,8.77,8.32,8.2,7.99,7.66,7.53,7.4,7.1,7,6.82,6.73,6.48,6.23,6.13,5.91,5.52,5.37,5.25,5.09,4.99,4.87,4.78,4.59,4.62,4.6
2019-07-01 20:45:00,29.8,20.5,287,1.4,6.4,22.37,21.07,19.73,19.58,18.1,16.99,16.26,15.54,14.84,14.48,14.31,13.46,12.09,9.84,8.94,8.46,8.18,8.02,7.83,7.54,7.46,7.17,7.05,6.86,6.68,6.59,6.23,6.13,5.95,5.57,5.38,5.22,5.09,4.98,4.85,4.68,4.59,4.62,4.6
2019-07-01 21:00:00,29.8,20.4,259,1.9,6.5,22.44,21.41,19.78,19.62,18.12,16.98,16.17,15.24,14.74,14.47,14.3,13.34,12.16,10.18,9.13,8.57,8.17,8.13,7.98,7.7,7.51,7.4,7.19,6.94,6.79,6.66,6.41,6.13,5.87,5.58,5.37,5.18,5.06,4.97,4.85,4.76,4.6,4.62,4.6
